Symbol,Five Minute Change,Average Volume,Total Volume,Days Open,Days Change,20MA Open,50MA Open,200MA Open,20MA Change,50MA Change,200MA Change,Next Days Change
AAPL,0.00,39329.16667,3067675,127.41,0.00,127.6088,127.586,125.071335,0.00,0.00,0.02,0.00
AAPL,0.00,68796.08974,5366095,128.9,0.00,128.64535,128.16194,127.318735,0.00,0.00,0.01,-0.02
AAPL,0.00,78443.24359,6118573,128.96,-0.02,128.80445,128.58308,128.131265,-0.02,-0.01,0.00,0.03
AAPL,0.00,41255.77215,3259206,125.05,0.03,125.0362,125.8273,127.57639,0.02,0.01,-0.01,0.00
AAPL,0.00,64397.42308,5022999,131.65,0.00,131.9159,131.16052,127.298255,0.00,0.01,0.02,-0.01
AAPL,0.00,32465.06329,2564740,132.15,-0.01,132.23695,132.06898,130.675645,0.00,0.00,0.01,0.01
AAPL,0.00,29055.80952,1220344,131.36,0.01,131.33595,131.65288,131.958435,0.00,0.00,0.00,0.02
AAPL,0.00,49242.32051,3840901,134.01,0.02,133.79565,132.92926,132.15325,0.02,0.03,0.01,-0.02
AAPL,0.00,59521.92405,4702232,138.06,-0.02,138.13975,137.649,134.951145,-0.02,-0.01,0.01,-0.01
AAPL,0.00,33180.39744,2588071,135.62,-0.01,135.64995,135.48126,136.50594,-0.01,-0.01,-0.01,-0.01
AAPL,0.00,38334.21795,2990069,134.04,-0.01,134.32735,134.08694,135.12872,-0.01,-0.01,-0.01,-0.03
AAPL,0.00,53480.03846,4171443,133.52,-0.03,133.73225,133.21202,133.610765,-0.03,-0.03,-0.01,0.02
AAPL,0.00,38410.29114,3034413,128.96,0.02,128.95435,129.06262,131.04574,0.02,0.01,-0.01,-0.01
AAPL,0.00,82536.55128,6437851,127.72,-0.01,128.39395,129.59554,129.63479,-0.01,-0.01,0.00,0.02
AAPL,0.00,45267.33333,3530852,128.37,0.02,128.3864,127.83758,129.138855,0.02,0.02,0.00,0.00
AAPL,0.00,38207.28205,2980168,132.4,0.00,132.36405,131.79744,129.797055,-0.01,0.00,0.01,0.00
AAPL,0.00,47762.28205,3725458,129.19,0.00,130.0992,130.91152,131.11905,-0.01,-0.01,0.00,0.00
AAPL,0.00,38545.14103,3006521,128.43,0.00,129.11495,129.11646,130.25008,0.00,-0.01,-0.01,0.02
AAPL,0.00,39344.34615,3068859,128.69,0.02,128.92635,128.75832,128.952615,0.02,0.02,0.00,-0.01
AAPL,0.00,57387.21519,4533590,130.75,-0.01,130.79815,130.85262,129.71316,-0.01,-0.01,0.00,-0.01
AAPL,0.00,136709.0513,10663306,128.83,-0.01,129.04135,129.19442,130.237365,-0.01,-0.01,-0.01,0.00
AAPL,0.00,39074.01282,3047773,127.75,0.00,128.194,127.9944,128.973505,0.00,0.00,-0.01,0.03
AAPL,0.00,63240.51282,4932760,128.56,0.03,128.66785,128.24956,128.10852,0.03,0.03,0.01,0.02
AAPL,0.00,51592.87342,4075837,133.79,0.02,133.91095,133.16036,130.31506,0.02,0.02,0.02,0.02
AAPL,0.00,68352.88462,5331525,136.28,0.02,135.8931,136.39458,134.6918,0.02,0.01,0.02,0.00
AAPL,0.00,65624.73077,5118729,143.07,0.00,142.98465,141.45832,138.019255,0.00,0.01,0.02,0.00
AAPL,0.00,39965.20253,3157251,143.54,0.00,143.4108,143.12366,141.67932,0.00,0.00,0.01,-0.01
AAPL,0.00,67952.77215,5368269,143.41,-0.01,143.1232,143.80428,143.042285,-0.01,-0.01,0.00,-0.02
AAPL,0.00,73677.67089,5820536,139.52,-0.02,139.432,140.04632,142.404955,-0.01,0.00,-0.01,-0.03
AAPL,0.00,78585.43038,6208249,135.78,-0.03,136.04795,136.57854,139.484365,-0.03,-0.03,-0.02,0.00
AAPL,0.00,55049.89744,4293892,133.75,0.00,133.93265,133.1542,135.323305,0.00,0.01,-0.01,-0.01
AAPL,0.00,71849.53165,5676113,135.73,-0.01,135.03355,134.74996,133.529155,0.00,0.00,0.01,-0.01
AAPL,0.00,86112.05128,6716740,135.63,-0.01,135.23055,135.0883,134.701185,-0.01,0.00,0.00,0.01
AAPL,0.00,32414.55128,2528335,136.33,0.01,136.2996,135.42522,135.042805,0.00,0.01,0.00,0.00
AAPL,0.00,47026.97436,3668104,137.35,0.00,137.72215,137.31142,135.81735,-0.01,0.00,0.01,0.01
AAPL,0.00,46670.03846,3640263,136.08,0.01,136.1745,136.34744,136.55492,0.00,0.00,0.00,-0.01
AAPL,0.00,26574.73077,2072829,136.69,-0.01,136.47095,136.32588,136.376565,0.00,0.00,0.00,-0.01
AAPL,0.00,73579.41772,5812774,136.47,-0.01,136.33365,136.44006,136.42991,-0.01,-0.01,0.00,-0.01
AAPL,0.00,64483.49367,5094196,135.873,-0.01,135.57455,135.43912,136.062555,-0.01,-0.01,-0.01,0.01
AAPL,0.00,47978.19231,3742299,134.3,0.01,134.6119,134.51616,135.084975,0.00,0.00,0.00,-0.02
AAPL,0.00,49458.24359,3857743,135.49,-0.02,135.66565,134.98856,134.684825,-0.02,-0.01,0.00,0.00
AAPL,0.00,50938.47436,3973201,131.27,0.00,131.7512,132.469,133.859865,-0.01,-0.02,-0.01,0.00
AAPL,0.00,75261.98718,5870435,129.24,0.00,129.01435,129.82238,131.446975,0.00,-0.01,-0.01,0.00
AAPL,0.00,63505.46835,5016932,130.18,0.00,130.3106,129.55234,129.626665,-0.01,0.00,0.00,-0.01
AAPL,0.00,59855.01266,4728546,128.01,-0.01,127.76495,128.52888,129.12453,-0.01,-0.01,-0.01,0.02
AAPL,0.00,87403.21795,6817451,123.76,0.02,123.2137,124.82176,127.40369,0.02,-0.01,-0.02,0.00
AAPL,0.00,62462.24359,4872055,124.75,0.00,125.94335,125.9777,125.02179,-0.01,-0.01,-0.01,-0.03
AAPL,0.00,89057.94937,7035578,124.68,-0.03,124.56495,124.69926,124.589115,-0.02,-0.02,-0.01,-0.01
AAPL,0.00,90819.98734,7174779,122.56,-0.01,122.02185,121.37824,123.2374,0.01,0.02,0.00,0.03
AAPL,0.00,86196.21795,6723305,123.74,0.03,123.5014,123.0825,122.626065,0.03,0.03,0.01,-0.02
AAPL,0.00,24904.01282,1942513,121.805,-0.01,6.138,73.6072,97.979575,18.56,0.64,0.01,0.00
AAPL,0.00,31527.9359,2459179,120.96,0.00,114.046,117.8773,98.475525,0.06,0.02,0.10,-0.04
AAPL,0.00,30752,2398656,120.88,-0.04,121.0385,120.1515,107.918,-0.03,-0.02,0.10,0.02
AAPL,0.00,26661.62821,2079607,118.99,0.02,117.1595,117.4935,118.46375,0.04,0.03,0.01,-0.01
AAPL,0.00,22164.71795,1728848,121.54,-0.01,121.5155,121.3611,119.64715,-0.01,-0.01,0.00,0.00
AAPL,0.00,23810.37662,1833399,122.295,0.00,120.51825,120.2619,119.9351,0.01,0.01,0.01,0.00
AAPL,0.00,16097.03846,1255569,120.365,0.00,121.859,121.9185,121.18465,-0.01,-0.01,0.00,0.01
AAPL,0.00,9970.621212,658061,122.59,0.01,121.9215,121.1903,121.117375,0.01,0.01,0.00,-0.01
AAPL,0.00,24604.9697,1623928,126.44,-0.01,125.30825,123.9801,121.94485,0.00,0.01,0.01,0.01
AAPL,0.00,20370.21212,1344434,123.45,0.01,124.128,124.983,123.759175,0.01,-0.01,0.00,-0.01
AAPL,0.00,23252.69697,1534678,122.175,-0.01,123.084,123.5024,124.3114,-0.02,-0.02,-0.01,0.00
AAPL,0.00,26045.28788,1718989,120.13,0.00,120.4575,121.1265,122.922875,0.00,-0.01,-0.01,0.01
AAPL,0.00,25645.77273,1692621,122.2,0.01,121.198,120.6747,121.6271,0.02,0.02,0.00,0.00
AAPL,0.00,21201.16667,1399277,123.13,0.00,123.129,123.3509,121.6946,0.00,0.00,0.01,-0.01
AAPL,0.00,30709.93939,2026856,121.45,-0.01,121.9875,122.6361,122.483675,-0.01,-0.01,0.00,0.00
AAPL,0.00,21501.86364,1419123,120.715,0.00,120.70175,120.909,122.306825,0.00,-0.01,-0.01,0.01
AAPL,0.00,21367.77049,1303434,120.28,0.01,120.5315,120.3065,121.06885,-0.01,0.00,-0.01,0.00
AAPL,0.00,19981.65152,1318789,121.14,0.00,121.14825,120.424,120.386125,0.00,0.01,0.00,0.01
AAPL,0.00,17202.77273,1135383,119.14,0.01,120.13125,120.9609,120.60625,0.00,-0.01,0.00,-0.01
AAPL,0.00,22022.42424,1453480,122.76,-0.01,121.66675,120.5282,120.605025,0.01,0.02,0.01,0.00
AAPL,0.00,16754.40909,1105791,123.5,0.00,123.13275,122.9765,121.46995,0.00,0.00,0.01,0.01
AAPL,0.00,18773.33333,1239040,125.11,0.01,124.08675,123.2977,122.60125,0.01,0.02,0.01,0.00
AAPL,0.00,13121.45455,866016,126.39,0.00,126.073,125.8969,124.16365,0.00,0.00,0.01,0.01
AAPL,0.00,18293.92424,1207399,127.17,0.01,126.345,126.304,125.476375,0.01,0.01,0.01,0.01
AAPL,0.00,15192.62121,1002713,129.37,0.01,128.795,127.953,126.802275,0.01,0.02,0.01,0.01
AAPL,0.00,20892.86364,1378929,131.02,0.01,130.51975,130.2559,128.27945,0.01,0.01,0.01,0.00
AAPL,0.00,15513.43939,1023887,131.85,0.00,132.183,132.2037,130.29695,-0.01,-0.01,0.01,0.01
AAPL,0.00,9100.25,546015,133.32,0.01,132.461,131.9308,131.439775,0.01,0.02,0.01,-0.01
AAPL,0.00,13820.19697,912133,133.57,-0.01,134.076,134.2266,132.621625,-0.01,-0.01,0.00,0.00
AAPL,0.00,12434.09091,820650,134.95,0.00,133.7585,133.1667,133.1516,0.00,0.01,0.01,0.00
AAPL,0.00,12531.39394,827072,134.22,0.00,134.114,134.3027,133.851825,0.00,0.00,0.00,0.00
AAPL,0.00,14967.57576,987860,134.84,0.00,134.453,134.1381,134.004,0.00,0.00,0.00,-0.01
AAPL,0.00,19928.38806,1335202,134.33,-0.01,134.76725,134.6211,134.27455,-0.02,-0.01,0.00,0.01
AAPL,0.00,11328.33333,747670,132.52,0.01,132.278,132.4876,133.77435,0.01,0.01,0.00,-0.01
AAPL,0.00,17435.77273,1150761,133.655,-0.01,133.178,133.2429,133.161325,-0.01,0.00,0.00,0.01
AAPL,0.00,17108.06061,1129132,133.14,0.01,132.78825,132.4033,132.95895,0.02,0.02,0.00,0.00
AAPL,0.00,9938.090909,655914,134.42,0.00,134.3995,134.6425,133.59385,0.00,0.00,0.00,0.00
AAPL,0.00,10534.89394,695303,134.87,0.00,134.73,134.7119,134.116325,0.00,0.00,0.00,0.03
AAPL,0.00,17404.5974,1340154,134.21,0.03,134.4235,134.5009,134.57945,0.01,0.00,0.00,-0.01
AAPL,0.00,27228.55882,1851542,134.315,-0.01,135.37625,135.6128,134.615575,-0.01,-0.01,0.00,-0.01
AAPL,0.00,26342.79104,1764967,133.29,-0.01,132.3925,133.1578,134.059425,-0.01,-0.01,0.00,-0.01
AAPL,0.00,14588.09091,962814,133.87,-0.01,132.888,132.2062,133.246225,0.00,0.00,0.00,0.00
AAPL,0.00,25208.12121,1663736,128.275,0.00,129.78025,131.5076,132.304975,-0.02,-0.03,-0.01,-0.01
AAPL,0.00,11907.86364,785919,129.42,-0.01,128.865,127.8616,130.370725,0.00,0.01,-0.01,0.01
AAPL,0.00,16604.43284,1112497,127.83,0.01,127.99375,128.609,129.04065,0.01,0.00,0.00,0.00
AAPL,0.00,11539.34848,761597,130.595,0.00,130.277,129.3923,128.859325,0.00,0.01,0.00,-0.01
AAPL,0.00,16706.57576,1102634,128.34,-0.01,129.13275,129.8062,129.3799,-0.02,-0.02,0.00,0.02
AAPL,0.00,18816.29851,1260692,123.455,0.02,123.73525,125.9675,128.692875,0.02,0.00,-0.01,-0.01
AAPL,0.00,17505.32394,1242878,123.54,-0.01,124.43525,125.2348,126.668425,-0.01,-0.02,-0.02,0.00
AAPL,0.00,17447.81818,1151556,125.525,0.00,124.37975,123.3301,124.334625,0.01,0.02,0.00,0.01
AAPL,0.00,13216.35821,885496,126.425,0.01,126.14925,125.5449,124.451075,0.01,0.01,0.01,0.00
AAPL,0.00,8658.275362,597421,125.93,0.00,126.5125,126.9755,125.6012,-0.01,-0.01,0.00,-0.02
AAPL,0.00,12215.46269,818436,126.745,-0.02,126.37325,125.8329,126.221325,-0.01,0.00,0.00,0.01
AAPL,0.00,12337.45588,838947,123.73,0.01,124.1955,125.2245,125.99275,0.00,-0.01,-0.01,0.01
AAPL,0.00,13925.91304,960888,126.37,0.01,125.60425,124.7425,125.214375,0.02,0.02,0.00,-0.01
AAPL,0.00,12477.25758,823499,126.47,-0.01,127.068,127.2506,125.569775,-0.01,-0.01,0.00,0.00
AAPL,0.00,12482.55072,861296,127.54,0.00,126.50725,126.0653,126.204575,0.01,0.01,0.01,0.00
AAPL,0.00,9633.328358,645433,127.17,0.00,127.18375,127.4923,126.8729,0.00,-0.01,0.00,0.00
AAPL,0.00,11700.89552,783960,127.045,0.00,126.89175,126.7896,126.969175,0.00,0.00,0.00,-0.02
AAPL,0.00,14833.74242,979027,127.42,-0.02,127.0295,126.8361,126.9794,-0.01,0.00,0.00,0.00
AAPL,0.00,13962.61194,935495,125.21,0.00,125.40025,125.8374,126.600775,0.00,-0.01,0.00,0.00
AAPL,0.00,13360.34848,881783,124.65,0.00,124.72175,124.8845,125.872675,0.00,0.00,-0.01,0.00
AAPL,0.00,11241.98485,741971,125.085,0.00,124.7115,124.7108,125.02415,0.00,0.00,0.00,0.00
AAPL,0.00,12033.95652,830343,123.44,0.00,124.02025,124.271,124.6447,0.00,0.00,0.00,0.01
AAPL,0.00,11462.64179,767997,124.84,0.01,124.35975,124.0296,124.295425,0.01,0.01,0.00,0.01
AAPL,0.00,15678.86567,1050484,125.305,0.01,125.4885,125.654,124.62285,0.00,0.00,0.00,-0.01
AAPL,0.00,14139.72727,933222,127.48,-0.01,126.87475,125.888,125.268175,0.00,0.01,0.01,0.00
AAPL,0.00,10274.42424,678112,127.1,0.00,126.89675,126.8978,126.11205,0.00,0.00,0.00,-0.01
AAPL,0.00,26809.73134,1796252,127.49,-0.01,127.38725,127.2542,126.812925,-0.01,-0.01,0.00,0.00
AAPL,0.00,10490.16667,692351,127.12,0.00,126.66425,126.4434,126.870025,0.00,0.01,0.00,0.01
AAPL,0.00,17147.61429,1200333,129.145,0.01,128.13675,127.5939,126.99425,0.02,0.02,0.01,0.00
AAPL,0.00,12006.78788,792448,129.72,0.00,130.1195,130.0483,128.20585,0.00,0.00,0.01,0.00
AAPL,0.00,16463.07143,1152415,130.58,0.00,130.185,129.925,129.449725,0.00,0.00,0.00,0.00
AAPL,0.00,26160.13433,1752729,131.74,0.00,130.5125,130.0415,130.0487,0.01,0.01,0.00,0.00
AAPL,0.00,21261.74242,1403275,131.01,0.00,131.3625,131.6985,130.7406,0.00,-0.01,0.00,0.01
AAPL,0.00,16421.13636,1083795,130.77,0.01,130.4125,130.7132,130.969675,0.01,0.01,0.00,0.01
AAPL,0.00,15492.29577,1099953,132.14,0.01,132.06075,132.0929,131.4146,0.01,0.01,0.00,0.00
AAPL,0.00,11722.1791,785386,133.94,0.00,133.9795,133.6976,132.264625,0.00,0.00,0.01,-0.01
AAPL,0.00,15119.63768,1043255,134.26,-0.01,134.07075,133.9514,133.2827,-0.01,0.00,0.00,0.00
AAPL,0.00,11668.36364,770112,133.775,0.00,133.4115,133.4276,133.73925,0.00,0.00,0.00,0.00
AAPL,0.00,13541.98551,934397,135.01,0.00,134.164,133.5611,133.650925,0.01,0.01,0.00,0.01
AAPL,0.00,26368.06061,1740292,135.51,0.01,135.09925,134.9761,134.0954,0.01,0.01,0.01,0.00
AAPL,0.00,15644.14493,1079446,136.765,0.00,136.43325,136.3652,135.201475,0.00,0.00,0.01,0.01
AAPL,0.00,12416.31343,831893,136.56,0.01,136.8,136.9037,136.253175,0.00,0.00,0.00,0.01
AAPL,0.00,16985.9697,1121074,138.82,0.01,138.17675,137.2728,136.781625,0.01,0.02,0.01,-0.01
AAPL,0.00,15811.54286,1106808,142.89,-0.01,141.45825,140.3286,138.073425,0.00,0.01,0.01,0.01
AAPL,0.00,20936.63636,1381818,143.785,0.01,143.19725,142.3391,140.288925,0.01,0.01,0.01,0.01
AAPL,0.00,14139.17647,961464,142.145,0.01,142.734,143.6835,142.378075,0.00,0.00,0.00,0.01
AAPL,0.00,16028.45455,1057878,144.3,0.01,143.619,143.4839,143.192575,0.01,0.01,0.01,0.00
AAPL,0.00,11307.22727,746277,144.65,0.00,144.99425,145.0414,144.003075,0.00,0.00,0.00,-0.01
AAPL,0.00,11407.77273,752913,146.7,-0.01,145.52675,144.9602,144.7001,0.00,0.01,0.01,0.01
AAPL,0.00,33248.40909,2194395,148.28,0.01,147.58675,146.5717,145.668,0.01,0.02,0.01,0.00
AAPL,0.00,19282.34848,1272635,148.775,0.00,149.2,149.1702,147.326125,-0.01,-0.01,0.00,-0.02
AAPL,0.00,13496.1194,904240,148.45,-0.02,148.8185,148.2153,148.2548,-0.02,-0.01,0.00,0.00
AAPL,0.00,16782.27273,1107630,142.4,0.00,143.6685,145.7937,147.741775,-0.01,-0.02,-0.01,0.01
AAPL,0.00,12176.38889,876700,144.52,0.01,143.43175,142.6511,145.432725,0.02,0.03,0.00,0.00
AAPL,0.00,11433.84058,788935,145.455,0.00,145.5325,146.2322,144.551625,0.00,-0.01,0.00,0.00
AAPL,0.00,10809.14286,756640,147.48,0.00,146.32125,145.6637,145.307225,0.00,0.01,0.01,0.00
AAPL,0.00,10310.84286,721759,148.04,0.00,147.38575,147.266,146.36655,0.01,0.01,0.01,0.00
AAPL,0.00,11353.48485,749330,149.13,0.00,148.93175,148.6437,147.519,0.00,0.00,0.01,-0.01
AAPL,0.00,23130.14474,1757891,147.31,-0.01,148.4285,148.9685,148.4683,-0.01,-0.02,0.00,-0.01
AAPL,0.00,14648.12121,966776,146.39,-0.01,145.00675,145.9884,147.711625,0.00,-0.01,-0.01,-0.01
AAPL,0.00,7318,490306,145.87,-0.01,145.75675,145.1595,146.195225,0.00,0.00,0.00,0.01
AAPL,0.00,7809.439394,515423,144.72,0.01,145.06,145.5415,145.551225,0.01,0.00,0.00,0.00
AAPL,0.00,8872.651515,585595,145.895,0.00,145.894,145.8917,145.5463,0.00,0.00,0.00,0.01
AAPL,0.00,11106.69697,733042,146.12,0.01,145.706,145.8547,145.684275,0.01,0.01,0.00,0.00
AAPL,0.00,7632.666667,503756,147.07,0.00,147.269,147.5214,146.4009,0.00,0.00,0.00,0.00
AAPL,0.00,8527.166667,562793,147.36,0.00,147.0385,147.0765,146.80135,0.00,0.00,0.00,-0.01
AAPL,0.00,7771.530303,512921,146.88,-0.01,146.70075,147.0044,147.1608,-0.01,-0.01,0.00,0.00
AAPL,0.00,6702.924242,442393,146.44,0.00,146.1985,146.0208,146.724875,0.00,0.00,0.00,-0.01
AAPL,0.00,7871.80303,519539,146.86,-0.01,146.70325,146.2676,146.327575,-0.01,0.00,0.00,0.00
AAPL,0.00,8570.787879,565672,145.81,0.00,145.87925,145.706,145.9642,0.00,0.00,0.00,0.01
AAPL,0.00,13408.92424,884989,147.55,0.01,146.6165,146.2822,146.034475,0.01,0.01,0.01,0.00
AAPL,0.00,6911.863636,456183,149.095,0.00,148.929,148.6559,146.9739,0.00,0.00,0.01,0.03
AAPL,0.00,13203.14493,911017,146.75,0.03,148.644,148.8211,148.09545,0.01,0.01,0.01,0.00
AAPL,0.00,11133.69697,734824,150.49,0.00,150.7305,150.4822,149.10285,-0.01,0.00,0.00,-0.02
AAPL,0.00,15052.8806,1008543,149.85,-0.02,149.9595,149.8188,149.6333,-0.02,-0.01,0.00,0.00
AAPL,0.00,12827.18182,846594,146.09,0.00,145.67975,147.0668,149.21805,0.01,0.00,-0.01,0.00
AAPL,0.00,6261.492537,419520,148.13,0.00,147.40125,147.0732,147.89,0.00,0.01,0.00,0.00
AAPL,0.00,6773.833333,447073,149.26,0.00,148.5915,148.142,147.383875,0.01,0.01,0.01,-0.01
AAPL,0.00,4910.757576,324110,150.465,-0.01,150.25325,150.0642,148.54825,0.00,0.00,0.01,0.00
AAPL,0.00,8476.833333,559471,148.63,0.00,149.34875,149.5249,149.42425,-0.01,-0.01,0.00,0.00
AAPL,0.00,6208.298507,415956,147.89,0.00,148.46025,148.2489,149.204425,0.00,0.00,0.00,0.00
AAPL,0.00,7632.409091,503739,147.93,0.00,147.611,147.8291,148.425125,0.01,0.00,0.00,0.01
AAPL,0.00,12422.33333,819874,151.74,0.01,150.07725,149.1863,148.359375,0.02,0.03,0.01,0.00
AAPL,0.00,15411.62121,1017167,151.455,0.00,152.276,152.7876,150.062,0.00,0.00,0.01,-0.01
AAPL,0.00,11758.06061,776032,154.67,-0.01,153.6595,152.836,151.882025,-0.01,0.00,0.01,0.00
AAPL,0.00,9901.727273,653514,153.62,0.00,153.5005,153.4504,153.092275,0.00,0.00,0.00,0.00
AAPL,0.00,8663.212121,571772,154.05,0.00,153.75125,153.3179,153.4743,0.00,0.00,0.00,0.01
AAPL,0.00,9786,645876,155.66,0.01,155.07175,154.4516,153.76445,0.01,0.02,0.01,0.00
AAPL,0.00,9782.287879,645631,155.44,0.00,156.148,156.6041,154.924125,-0.01,-0.01,0.00,-0.01
AAPL,0.00,6091.227273,402021,155.625,-0.01,155.197,154.9012,155.3655,-0.01,0.00,0.00,-0.04
AAPL,0.00,24048.47761,1611248,154.74,-0.04,154.7395,154.5704,155.1619,-0.03,-0.03,-0.01,0.00
AAPL,0.00,10604.28788,699883,149.62,0.00,149.604,149.8054,153.0708,0.00,0.00,-0.01,-0.01
AAPL,0.00,12763.68657,855167,149.63,-0.01,149.7815,149.4442,150.938525,-0.01,-0.01,-0.01,0.01
AAPL,0.00,8293.671642,555676,146.645,0.01,147.50575,147.8055,149.1642,0.01,0.00,0.00,0.01
AAPL,0.00,10271.28788,677905,147.8,0.01,148.3085,148.342,148.472625,0.00,0.00,0.00,-0.01
AAPL,0.00,12426.56522,857433,147.065,-0.01,147.73925,147.9979,147.8763,-0.01,-0.01,0.00,0.00
AAPL,0.00,14832.43662,1053103,142.94,0.00,144.03,145.2646,147.121275,-0.01,-0.02,-0.01,0.00
AAPL,0.00,6406.285714,448440,143.785,0.00,143.485,142.5759,144.83405,0.00,0.01,-0.01,0.01
AAPL,0.00,11999.43284,803962,145.1,0.01,144.21625,143.8854,143.514425,0.01,0.01,0.00,0.00
AAPL,0.00,7584.428571,530910,146.79,0.00,146.332,145.8748,144.335375,0.00,0.01,0.01,0.01
AAPL,0.00,7300.045455,481803,146.16,0.01,146.25675,146.6189,145.757575,0.01,0.00,0.00,0.00
AAPL,0.00,9051.19697,597379,145.57,0.00,145.44825,146.2682,146.39385,0.00,-0.01,0.00,-0.01
AAPL,0.00,15255.13636,1006839,143.63,-0.01,144.41475,145.055,145.865625,-0.01,-0.02,-0.01,-0.01
AAPL,0.00,9116.565217,629043,144.18,-0.01,143.2425,142.6646,144.3895,0.00,0.00,-0.01,-0.01
AAPL,0.00,13905.21739,959460,143.035,-0.01,143.21325,143.3909,143.4651,-0.01,-0.01,0.00,0.02
AAPL,0.00,13327.86765,906295,139.51,0.02,140.76025,141.7784,142.72645,0.01,0.00,-0.01,0.00
AAPL,0.00,12436.57971,858124,139.82,0.00,141.09525,141.4629,141.81635,-0.02,-0.02,-0.01,0.01
AAPL,0.00,12188.81081,901972,139.87,0.01,139.55275,139.1059,140.3113,0.01,0.02,0.00,0.02
AAPL,0.00,8490.492958,602825,140.01,0.02,140.0975,141.1556,140.388025,0.01,0.00,0.00,0.00
AAPL,0.00,8995.909091,593730,143.98,0.00,143.2955,142.0533,140.9471,0.00,0.01,0.01,-0.01
AAPL,0.00,8047.5,531135,143.78,-0.01,143.4965,143.7041,142.14055,0.00,0.00,0.01,-0.01
AAPL,0.00,6950.060606,458704,144.72,-0.01,143.598,143.2416,143.223,0.00,0.00,0.00,-0.01
AAPL,0.00,8429.61039,649080,141.75,-0.01,142.43525,143.1141,143.437125,-0.01,-0.01,0.00,0.01
AAPL,0.00,11172.5,782075,139.62,0.01,139.98825,140.8594,142.534475,0.00,0.00,-0.01,0.01
AAPL,0.00,9521.787879,628438,142.99,0.01,142.09375,141.1435,141.246275,0.01,0.02,0.00,0.01
AAPL,0.00,12160.63636,802602,143.91,0.01,144.0195,143.7776,141.7604,0.00,0.00,0.01,0.01
AAPL,0.00,11745.68182,775215,144.48,0.01,144.288,144.3886,143.3598,0.01,0.01,0.01,0.00
AAPL,0.00,9144.681818,603549,148.765,0.00,147.47775,146.5691,144.881825,0.01,0.01,0.01,0.00
AAPL,0.00,7434.074627,498083,149.465,0.00,148.973,148.8231,146.7511,0.00,0.00,0.01,0.00
AAPL,0.00,8786.348485,579899,149.5,0.00,149.21475,148.8904,148.465575,0.00,0.00,0.00,-0.01
AAPL,0.00,7665.25,521237,150.09,-0.01,149.73175,149.1226,149.008525,0.00,0.00,0.00,0.00
AAPL,0.00,9478.15942,653993,147.88,0.00,148.39325,148.8469,149.014425,0.00,0.00,0.00,0.00
AAPL,0.00,8388.106061,553615,149.315,0.00,149.3625,148.9842,148.9704,0.00,0.00,0.00,0.00
AAPL,0.00,9889.742424,652723,148.79,0.00,149.15425,149.3491,149.042075,0.00,0.00,0.00,-0.04
AAPL,0.00,17615.43421,1338773,152.45,-0.04,150.9235,150.0505,149.483875,0.00,0.01,0.01,0.02
AAPL,0.00,16642.14706,1131666,147.06,0.02,147.104,149.6763,150.287775,0.02,0.00,0.00,0.00
AAPL,0.00,7732.140845,548982,148.79,0.00,148.925,149.0291,150.068225,0.00,0.00,-0.01,0.00
AAPL,0.00,9191.542857,643408,150.105,0.00,149.46725,148.9381,148.77265,0.00,0.01,0.01,0.01
AAPL,0.00,5795.30303,382490,150.59,0.01,150.459,150.4672,149.681,0.01,0.00,0.00,-0.01
AAPL,0.00,7354.426471,500101,151.775,-0.01,151.89275,151.2315,150.5169,0.00,0.00,0.00,0.00
AAPL,0.00,6615.363636,436614,151.215,0.00,151.31975,151.3105,150.988025,0.00,0.00,0.00,-0.01
AAPL,0.00,6191.705128,482953,151.49,-0.01,150.84225,150.7108,151.1183,0.00,0.00,0.00,0.00
AAPL,0.00,10158.16667,792337,150.17,0.00,150.4945,150.5746,150.876975,0.00,0.00,0.00,-0.01
AAPL,0.00,10928.48718,852422,150.03,-0.01,150.66875,150.789,150.72255,-0.02,-0.02,-0.01,-0.01
AAPL,0.00,4467.846154,348492,148.96,-0.01,148.14925,148.4982,149.916325,0.00,0.00,-0.01,0.01
AAPL,0.00,8388.25641,654284,148.45,0.01,148.0215,147.9624,148.895575,0.01,0.01,0.00,0.00
AAPL,0.00,7932.012821,618697,150.38,0.00,150.04725,149.8645,148.706175,0.00,0.00,0.00,0.01
AAPL,0.00,8222.278481,649560,149.93,0.01,149.98425,149.9709,149.402375,0.01,0.01,0.01,0.02
AAPL,0.00,19359.75949,1529421,151.03,0.02,151.08225,151.1695,150.354725,0.02,0.02,0.01,0.03
AAPL,0.00,26786.32911,2116120,153.74,0.03,153.76375,154.0344,151.869675,0.03,0.02,0.02,0.02
AAPL,0.00,29845.0641,2327915,157.56,0.02,157.85875,157.6909,154.43455,0.02,0.02,0.02,-0.01
AAPL,0.00,30243.91139,2389269,161.73,-0.01,160.66775,160.3912,157.322975,0.02,0.02,0.02,0.00
AAPL,0.00,13827.74359,1078564,161.1,0.00,162.29,163.2145,161.1066,-0.01,-0.02,0.00,0.01
AAPL,0.00,10069.1519,795463,160.69,0.01,160.7315,160.1861,161.70145,0.00,0.01,0.00,-0.02
AAPL,0.00,28840.78571,1211313,159.6,-0.02,161.17425,161.1656,161.0955,-0.02,-0.02,-0.01,0.00
AAPL,0.00,13991.55128,1091341,159.39,0.00,157.915,158.3322,160.0085,0.02,0.01,0.00,0.04
AAPL,0.00,49342.96203,3898094,159.99,0.04,160.476,160.5957,160.0634,0.02,0.02,0.01,-0.02
AAPL,0.00,29368.20253,2320088,167.48,-0.02,165.233,164.5539,161.396275,0.01,0.02,0.02,0.03
AAPL,0.00,28734.30769,2241276,158.61,0.03,163.22775,165.9838,165.02805,0.00,-0.02,0.00,-0.01
AAPL,0.00,22307.84615,1740012,164.015,-0.01,163.7705,163.4531,165.0163,-0.02,-0.02,-0.01,0.01
AAPL,0.00,23494.72152,1856083,164.29,0.01,160.671,160.7921,162.65535,0.03,0.03,0.01,0.01
AAPL,0.00,22523.59494,1779364,169.095,0.01,166.006,166.0325,163.737875,0.03,0.03,0.02,0.02
AAPL,0.00,21229.44872,1655897,172.07,0.02,170.34,170.5746,166.816225,0.03,0.02,0.03,0.00
AAPL,0.00,16377.85897,1277473,174.87,0.00,174.675,174.4961,171.0644,0.00,0.00,0.02,0.02
AAPL,0.00,18478.59494,1459809,175.26,0.02,175.08925,175.3303,173.879675,0.02,0.01,0.01,-0.03
AAPL,0.00,22669.24359,1768201,181.17,-0.03,179.1725,178.2063,176.099225,-0.01,0.00,0.01,-0.01
AAPL,0.00,19299.51899,1524662,175.32,-0.01,177.35575,177.9118,177.463175,-0.02,-0.02,0.00,0.02
AAPL,0.00,17678.34615,1378911,175.075,0.02,174.7125,174.1291,176.599025,0.02,0.01,-0.01,-0.04
TSLA,0.00,14712.19231,1147551,628.8,-0.01,632.687,633.5826,633.41791,-0.01,-0.02,-0.01,0.04
TSLA,0.00,17397.5443,1374406,628.59,0.04,624.2771,623.28404,628.89872,0.04,0.04,0.00,0.01
TSLA,0.00,68983.67089,5449710,668.9,0.01,667.8039,658.76736,636.84185,-0.01,0.01,0.03,-0.03
TSLA,0.00,22856.78481,1805686,666.24,-0.03,665.68445,670.97446,664.01843,-0.01,-0.02,0.00,-0.01
TSLA,0.00,16015.35443,1265213,647.15,-0.01,649.575,656.5927,664.064435,-0.02,-0.04,-0.02,0.02
TSLA,0.00,10962.5443,866041,631.68,0.02,634.45585,634.67284,645.06445,0.02,0.02,-0.01,0.03
TSLA,0.00,12829.80952,538852,643.44,0.03,645.4057,645.15168,638.13096,0.03,0.02,0.01,-0.02
TSLA,0.00,9643.794872,752216,674.51,-0.02,667.3877,663.33218,645.24103,0.00,0.01,0.02,0.01
TSLA,0.00,6169.141026,481193,661,0.01,662.5742,665.91578,659.85121,0.00,0.00,0.01,0.03
TSLA,0.00,14159.01282,1104403,672.02,0.03,670.62535,666.56414,666.06425,0.03,0.03,0.01,0.01
TSLA,0.00,16604.19231,1295127,700,0.01,701.4656,695.45114,675.218475,0.00,0.02,0.03,0.01
TSLA,0.00,15768.39744,1229935,719.3,0.01,720.4415,712.9366,699.441625,0.01,0.02,0.03,0.02
TSLA,0.00,11939.58974,931288,723.66,0.02,724.5937,727.92378,720.72253,0.02,0.01,0.01,0.00
TSLA,0.00,16571.41026,1292570,758.49,0.00,760.1522,749.69678,735.946815,0.00,0.02,0.02,0.05
TSLA,0.00,19895.70513,1551865,777.63,0.05,775.30725,767.413,755.365305,0.05,0.05,0.03,0.03
TSLA,0.00,35001.8481,2765146,856,0.03,853.9525,841.43374,798.93163,0.02,0.03,0.05,-0.05
TSLA,0.00,28243.29114,2231220,849.63,-0.05,862.099,865.6715,849.50383,-0.05,-0.05,0.00,0.02
TSLA,0.00,18113.34615,1412841,830.94,0.02,831.43715,823.41136,845.387965,0.03,0.04,-0.01,0.00
TSLA,0.00,13834.83544,1092952,853.19,0.00,850.5743,853.97552,841.269535,0.00,-0.01,0.01,0.00
TSLA,0.00,13596.30769,1060512,843.5,0.00,844.91125,848.8769,848.951285,0.00,0.00,0.00,-0.03
TSLA,0.00,16110.89873,1272761,851.29,-0.03,853.547,850.3831,848.289925,-0.03,-0.02,0.00,0.01
TSLA,0.00,13476.93671,1064678,837.82,0.01,839.7218,832.60132,844.14221,0.00,0.01,-0.01,-0.01
TSLA,0.00,11689.37975,923461,858.8,-0.01,854.759,846.4061,839.50563,0.00,0.00,0.01,-0.01
TSLA,0.00,14736.93671,1164218,854.24,-0.01,852.6297,851.99968,845.84864,-0.01,-0.01,0.00,0.01
TSLA,0.00,6600.278481,521422,834.38,0.01,839.1075,843.455,848.269915,0.00,0.00,-0.01,0.03
TSLA,0.00,21828.65823,1724464,854.42,0.03,851.723,845.2057,843.494985,0.03,0.03,0.01,-0.01
TSLA,0.00,9991.987342,789367,891.77,-0.01,881.06325,875.1381,855.365465,0.01,0.01,0.02,0.00
TSLA,0.00,12957.17722,1023617,870.6,0.00,873.2745,881.3831,878.843375,0.00,-0.01,0.00,0.02
TSLA,0.00,20850.51282,1626340,819.35,0.02,823.29375,830.5027,868.727825,0.02,0.01,-0.02,-0.04
TSLA,0.00,17823.83544,1408083,829.21,-0.04,833.929,838.4738,848.45712,-0.05,-0.05,-0.03,0.03
TSLA,0.00,11987.70886,947029,814.29,0.03,817.3,803.05642,820.8577,0.02,0.04,0.00,0.03
TSLA,0.00,8117.594937,641290,845.34,0.03,842.9755,838.6876,818.556555,0.04,0.05,0.03,-0.03
TSLA,0.00,6538.307692,509988,877.03,-0.03,875.12525,876.751,849.6732,-0.02,-0.02,0.02,-0.01
TSLA,0.00,6337.512821,494326,855.26,-0.01,854.6315,856.6172,864.73872,-0.01,-0.01,-0.01,0.01
TSLA,0.00,6669.512821,520222,845.45,0.01,848.3278,846.45736,854.780935,0.00,0.01,-0.01,-0.01
TSLA,0.00,6773.037975,535070,868.299,-0.01,871.1435,859.4975,851.417995,-0.01,0.00,0.01,0.00
TSLA,0.00,6890.870968,427234,848.51,0.00,861.064,862.2991,859.23743,-0.02,-0.02,0.00,-0.04
TSLA,0.00,17266.53165,1364056,843.635,-0.04,846.4775,846.2912,857.153725,-0.04,-0.04,-0.02,0.00
TSLA,0.00,14650.92308,1142772,811.95,0.00,809.564,809.6137,833.396425,0.00,0.00,-0.02,0.02
TSLA,0.00,10612.53846,827778,801.38,0.02,806.57545,808.53198,815.369995,0.00,-0.01,-0.01,-0.03
TSLA,0.00,8018.873418,633491,818.02,-0.03,816.15135,807.63104,807.60606,-0.02,-0.01,0.00,0.02
TSLA,0.00,11752.79487,916718,779.09,0.02,788.63925,795.8343,802.19338,0.01,-0.01,-0.01,0.01
TSLA,0.00,7793.278481,615669,780.9,0.01,782.1954,787.53486,792.601395,0.01,0.00,-0.01,-0.02
TSLA,0.00,9702.435897,756790,795,-0.02,792.56,789.2476,785.208095,-0.02,-0.01,0.00,-0.06
TSLA,0.00,19642.16456,1551731,762.435,-0.06,764.04885,774.21204,783.862105,-0.05,-0.05,-0.02,0.06
TSLA,0.00,42155.59494,3330292,662.13,0.06,673.1216,691.04344,742.66667,0.04,0.00,-0.05,0.04
TSLA,0.00,14093.81013,1113411,712.18,0.04,720.282,713.83074,700.774465,0.02,0.02,0.01,-0.06
TSLA,0.00,20030.78481,1582432,725.05,-0.06,729.9384,730.72386,712.900475,-0.06,-0.05,0.01,-0.04
TSLA,0.00,22277.79747,1759946,699.695,-0.04,687.4555,681.3613,707.863635,-0.01,0.00,-0.03,0.04
TSLA,-0.01,6478.371795,505313,687.99,-0.05,34.498,374.4504,558.52385,18.19,0.76,-0.03,-0.05
TSLA,0.00,14097.11538,1099575,655.48,-0.05,65.8825,426.2386,520.13705,8.36,0.45,0.01,-0.04
TSLA,0.00,15920.4359,1241794,625.73,-0.04,586.1715,604.2777,521.890725,0.02,-0.02,0.06,-0.06
TSLA,0.00,9532.205128,743512,600.49,-0.06,597.629,590.8502,555.246225,-0.05,-0.02,0.06,0.11
TSLA,0.00,17372.58974,1355062,608.06,0.11,570.237,577.2721,588.5218,0.17,0.15,0.04,-0.05
TSLA,0.00,10694.60256,834179,700.3,-0.05,670.928,664.1098,612.556525,0.00,0.01,0.05,0.00
TSLA,0.00,10864.22078,836545,699.25,0.00,674.62675,671.7679,644.73805,0.03,0.03,0.06,0.04
TSLA,0.00,10131.82051,790282,669.4,0.04,694.57175,692.7978,680.415075,-0.01,-0.01,0.01,0.00
TSLA,0.00,7193.666667,474782,704.21,0.00,696.6685,690.7836,686.2215,0.01,0.02,0.01,-0.04
TSLA,0.00,8843.772727,583689,706.64,-0.04,702.59125,703.9515,694.5097,-0.03,-0.02,0.00,0.03
TSLA,0.00,10984.4697,724975,678.67,0.03,673.5725,681.5973,694.730525,0.03,0.00,-0.01,-0.04
TSLA,0.00,8504.636364,561306,680.52,-0.04,686.3245,684.3406,688.350825,-0.04,-0.02,-0.02,0.03
TSLA,0.00,10465.9697,690754,636.54,0.03,643.83625,658.4122,673.891175,0.01,-0.02,-0.01,-0.01
TSLA,0.00,12140.9697,801304,678.4,-0.01,671.037,657.5224,665.201875,0.02,0.05,0.00,-0.01
TSLA,0.00,8128.151515,536458,669.6,-0.01,673.5625,684.4794,667.27445,-0.02,-0.03,0.01,-0.04
TSLA,0.00,9859.166667,650705,654,-0.04,658.09525,663.3945,672.544875,-0.03,-0.03,-0.01,0.02
TSLA,0.00,9957.939394,657224,627.71,0.02,629.99825,638.2065,661.625275,0.01,0.00,-0.02,-0.03
TSLA,0.00,13075.59016,797611,636.05,-0.03,637.84075,634.9141,644.280475,-0.04,-0.03,-0.02,0.02
TSLA,0.00,6161.181818,406638,600.89,0.02,607.95425,609.8815,627.555325,0.00,0.00,-0.01,0.06
TSLA,0.00,12079.98485,797279,602.96,0.06,602.60125,606.7485,616.282775,0.04,0.03,-0.01,0.02
TSLA,0.00,8966.045455,591759,656.42,0.02,646.3375,632.008,615.3213,0.03,0.05,0.03,-0.03
TSLA,0.00,11247.93939,742364,683.16,-0.03,679.45475,670.3356,638.36935,-0.02,0.00,0.03,-0.01
TSLA,0.00,10077,665082,699.92,-0.01,684.674,674.7291,662.72225,0.02,0.03,0.03,0.01
TSLA,0.00,7692.893939,507731,687.42,0.01,690.1065,694.1415,681.794,0.00,-0.01,0.01,-0.03
TSLA,0.00,9553.787879,630550,689.69,-0.03,688.768,690.0625,688.6193,-0.02,-0.02,0.00,0.00
TSLA,0.00,8829.181818,582726,686.07,0.00,676.47725,676.3083,686.883875,0.01,0.01,0.00,0.00
TSLA,0.00,6870.060606,453424,677.01,0.00,679.29225,681.4421,683.018975,-0.01,-0.01,-0.01,0.00
TSLA,0.00,8049.348485,531257,700.27,0.00,689.0205,680.4182,679.638525,0.02,0.03,0.01,0.04
TSLA,0.00,7688.709091,422879,732.09,0.04,717.66875,707.0824,688.826975,0.06,0.06,0.03,-0.03
TSLA,0.00,12319.87879,813112,754.3,-0.03,763.739,756.3646,713.260675,-0.03,-0.01,0.03,0.01
TSLA,0.00,7559.227273,498909,732.95,0.01,730.9445,740.3733,736.6029,0.01,-0.01,0.01,0.01
TSLA,0.00,7668.666667,506132,730.53,0.01,731.8015,732.1549,742.837825,0.01,0.01,-0.01,0.02
TSLA,0.00,9013.878788,594916,700.25,0.02,715.1345,730.6781,733.4738,-0.01,-0.03,-0.01,-0.02
TSLA,0.00,10293.04545,679341,732.39,-0.02,724.2,716.7331,725.458875,-0.01,0.00,-0.01,0.04
TSLA,0.00,10239.69697,675820,713.16,0.04,710.8365,714.6817,717.978625,0.03,0.02,0.00,-0.03
TSLA,0.00,8177.575758,539720,743.04,-0.03,742.979,734.3611,722.262525,-0.03,-0.01,0.01,0.00
TSLA,0.00,7609.590909,502233,731.56,0.00,724.86925,726.434,727.436375,0.00,0.01,0.01,0.00
TSLA,0.00,7094.567164,475336,738.46,0.00,735.5055,731.647,732.491975,0.00,0.01,0.00,0.00
TSLA,0.00,7003.181818,462210,708.18,0.00,719.25075,729.5967,730.8412,-0.02,-0.03,-0.01,-0.01
TSLA,0.00,6013.212121,396872,701.85,-0.01,703.478,706.5555,723.043075,-0.01,-0.01,-0.02,-0.02
TSLA,0.00,8897.80303,587255,688.04,-0.02,694.83575,697.3752,708.65015,-0.02,-0.03,-0.02,0.03
TSLA,0.00,10577.87879,698140,692.07,0.03,679.875,678.5153,691.432425,0.04,0.04,0.00,-0.02
TSLA,0.00,7684.515152,507178,696.05,-0.02,700.0685,703.9823,691.680575,-0.02,-0.03,0.00,0.00
TSLA,0.00,8932.393939,589538,671.44,0.00,672.12625,679.249,690.346775,-0.01,-0.02,-0.01,0.00
TSLA,0.00,5424.712121,358031,671.73,0.00,674.09925,668.9588,679.929275,0.00,0.01,-0.01,0.01
TSLA,0.00,7660.333333,505582,659.03,0.01,669.79,671.028,671.666025,-0.02,-0.01,-0.01,0.00
TSLA,0.00,6286.742424,414925,675.35,0.00,668.476,662.9061,668.1777,0.00,0.01,0.00,-0.03
TSLA,0.00,9969.727273,658002,647.2,-0.03,658.6245,665.2304,666.8853,-0.04,-0.04,-0.01,0.02
TSLA,0.00,10003.02985,670203,604.64,0.02,614.02125,627.3301,653.59865,0.01,-0.01,-0.03,-0.03
TSLA,0.00,8688.58209,582135,604.27,-0.03,612.51575,616.7294,632.341625,-0.03,-0.03,-0.03,-0.03
TSLA,0.00,11331.98485,747911,591.48,-0.03,594.06925,597.1715,610.2982,-0.04,-0.04,-0.02,0.01
TSLA,0.00,8305.363636,548154,585.5,0.01,576.05025,572.2799,592.879625,0.02,0.02,-0.01,0.00
TSLA,0.00,8052.424242,531460,577.56,0.00,582.42675,582.6907,582.50835,-0.03,-0.02,-0.01,-0.02
TSLA,0.00,9291.893939,613265,586.755,-0.02,574.344,569.9047,577.00415,0.01,0.02,0.00,0.00
TSLA,0.00,7086.835616,517339,560.59,0.00,557.63375,572.9716,576.859525,0.01,-0.02,-0.01,0.01
TSLA,0.00,7235.878788,477568,582.16,0.01,574.3475,565.8041,570.48565,0.02,0.03,0.00,-0.02
TSLA,0.00,5572.318182,367773,589.665,-0.02,590.64075,585.3241,571.1698,-0.01,0.00,0.01,0.02
TSLA,0.00,6997.671642,468844,594.1,0.02,585.47375,586.2634,581.071425,0.04,0.03,0.02,0.00
TSLA,0.00,5358.787879,353680,605.61,0.00,606.904,607.4328,593.231275,-0.01,-0.01,0.01,0.02
TSLA,0.00,6602.848485,435788,609.93,0.02,605.43575,603.2462,599.608775,0.03,0.03,0.02,0.01
TSLA,0.00,5305.848485,350186,626.84,0.01,622.8865,622.8097,611.00695,0.00,0.00,0.01,0.00
TSLA,0.00,5653.393939,373124,622.56,0.00,627.32675,622.5611,618.05655,0.01,0.01,0.01,0.00
TSLA,0.00,4050.151515,267310,626.635,0.00,628.7045,630.3886,624.8645,-0.01,-0.01,0.00,-0.02
TSLA,0.00,6280.30303,414500,614.36,-0.02,618.282,622.5862,625.4353,-0.02,-0.03,-0.01,-0.04
TSLA,0.00,8887.106061,586549,596.09,-0.04,598.7455,601.229,616.759325,-0.04,-0.02,-0.02,0.01
TSLA,0.00,5126.666667,338360,595.84,0.01,585.564,585.7448,602.125425,0.02,0.02,-0.01,0.03
TSLA,0.00,5561.651515,367069,588.315,0.03,591.153,595.1588,594.539,0.02,0.00,0.00,-0.01
TSLA,0.00,6371.969697,420550,608.79,-0.01,612.5155,602.2835,592.9703,-0.02,0.00,0.01,-0.01
TSLA,0.00,3932.424242,259540,604.25,-0.01,603.86875,602.5867,598.5022,-0.01,0.00,0.01,0.00
TSLA,0.00,4917.575758,324560,610.91,0.00,606.90825,603.1374,603.167575,0.01,0.01,0.00,0.01
TSLA,0.00,3402.848485,224588,606.58,0.01,606.381,610.1579,605.70545,0.00,0.00,0.00,0.00
TSLA,0.00,4364.57971,301156,618.835,0.00,615.8,612.271,608.49365,0.00,0.01,0.01,-0.01
TSLA,0.00,3948.924242,260629,607.16,-0.01,612.9505,615.3462,612.310225,-0.02,-0.02,0.00,0.01
TSLA,0.00,5937.140845,421537,598.91,0.01,599.388,601.35,610.223275,0.01,0.00,-0.01,0.01
TSLA,0.00,4631.015152,305647,612.8,0.01,607.5355,605.0429,605.013075,0.02,0.02,0.00,0.01
TSLA,0.00,5173.348485,341441,615.04,0.01,616.68925,617.8813,607.63055,0.01,0.01,0.01,0.02
TSLA,0.00,5144.106061,339511,610.59,0.02,616.73625,620.4103,615.3817,0.01,0.01,0.01,0.01
TSLA,0.00,3782.545455,249648,619.26,0.01,620.3375,624.0184,620.373125,0.01,0.00,0.00,0.00
TSLA,0.00,5626.818182,371370,653.64,0.00,639.80675,630.8605,624.062775,0.02,0.04,0.02,-0.01
TSLA,0.00,8287.955224,555293,685.08,-0.01,672.375,661.2215,639.047525,0.02,0.04,0.03,-0.02
TSLA,0.00,5683.134328,380770,686.46,-0.02,683.35925,684.8331,663.9775,-0.02,-0.02,0.02,0.00
TSLA,0.00,3196.861538,207796,689.19,0.00,680.45825,676.0649,678.239,0.01,0.02,0.01,0.00
TSLA,0.00,3623.5,239151,680.15,0.00,683.48625,684.8925,682.385875,-0.01,-0.01,0.00,-0.01
TSLA,0.00,3780.454545,249510,685.99,-0.01,683.81575,681.2609,682.092225,0.00,0.00,0.00,0.00
TSLA,0.00,4151.161765,282279,680.2,0.00,680.17075,682.5527,683.16545,0.00,-0.01,0.00,-0.01
TSLA,0.00,4689.348485,309497,686.77,-0.01,684.82575,679.9479,681.9139,-0.01,0.00,0.00,-0.01
TSLA,0.00,4918.727273,324636,665.57,-0.01,669.80875,675.5391,678.97995,-0.02,-0.03,-0.01,0.00
TSLA,0.00,4170.515152,275254,643.75,0.00,654.15225,655.2872,669.7037,-0.01,-0.02,-0.02,0.02
TSLA,0.00,4449.477612,298115,639.01,0.02,635.5595,641.1786,654.76625,0.02,0.01,-0.01,0.01
TSLA,0.00,3692.242424,243688,650.54,0.01,651.016,649.5282,646.764325,0.01,0.01,0.00,0.00
TSLA,0.00,4396.742424,290185,685.66,0.00,670.49675,661.0539,649.888525,0.02,0.03,0.02,-0.01
TSLA,0.00,3907.606061,257902,677.39,-0.01,681.99975,682.6037,665.869175,-0.02,-0.01,0.01,-0.02
TSLA,0.00,4548.060606,300172,668.41,-0.02,668.3415,670.7014,674.5964,-0.02,-0.01,0.00,-0.01
TSLA,0.00,3727.044776,249712,656.895,-0.01,658.70725,659.727,671.520425,-0.02,-0.02,-0.02,0.00
TSLA,0.00,3685.015152,243211,645.04,0.00,647.938,645.4202,658.332575,-0.01,0.00,-0.01,0.03
TSLA,0.00,3367.954545,222285,627.9,0.03,632.03425,640.5807,648.17215,0.02,0.00,-0.01,0.02
TSLA,0.00,2860.575758,188798,646.13,0.02,644.69175,642.947,642.4733,0.02,0.01,0.00,-0.01
TSLA,0.00,2349.636364,155076,658.81,-0.01,660.4965,655.1942,645.019925,-0.01,0.00,0.01,-0.01
TSLA,0.00,3089.086957,213147,654.84,-0.01,656.197,654.753,651.95345,-0.01,-0.01,0.00,0.00
TSLA,0.00,3149.590909,207873,640.6,0.00,644.85925,649.3242,653.0919,0.00,-0.01,-0.01,0.00
TSLA,0.00,4473.075758,295223,660.58,0.00,650.95625,647.5815,648.571175,0.01,0.02,0.00,0.00
TSLA,0.00,7723.742424,509767,643.16,0.00,649.779,655.9681,650.927875,-0.01,-0.03,0.00,-0.01
TSLA,0.00,4167.439394,275051,652.545,-0.01,647.017,641.793,648.926325,0.00,0.01,0.00,0.01
TSLA,0.00,7558.212121,498842,672.135,0.01,656.8585,650.0942,646.689575,0.03,0.04,0.01,0.00
TSLA,0.00,6356.313433,425873,685.895,0.00,679.89375,679.2676,659.167425,0.01,0.01,0.02,-0.02
TSLA,0.00,7212.045455,475995,722.43,-0.02,709.20125,695.8712,679.4473,0.01,0.03,0.03,0.00
TSLA,0.00,3452.151515,227842,708.02,0.00,711.5255,714.2864,700.246825,0.00,-0.01,0.01,-0.01
TSLA,0.00,3920.818182,258774,716.635,-0.01,711.53925,710.3122,709.295725,0.00,0.00,0.00,0.00
TSLA,0.00,2866.015152,189157,714.42,0.00,713.30675,712.5762,711.97805,0.00,0.00,0.00,-0.01
TSLA,0.00,4075.075758,268955,709.36,-0.01,712.2355,713.7993,713.736,-0.02,-0.02,-0.01,0.00
TSLA,0.00,2100.046154,136503,714.91,0.00,708.9395,704.0743,710.061775,0.01,0.02,0.00,0.01
TSLA,0.00,2680.166667,176891,705.41,0.01,708.51,712.4114,709.53065,0.00,0.00,0.00,-0.01
TSLA,0.00,2221.8,144417,711.31,-0.01,710.3765,710.9447,710.2065,0.00,0.00,0.00,0.02
TSLA,0.00,4027.590909,265821,706.31,0.02,705.53975,707.0526,709.57215,0.02,0.02,0.00,0.00
TSLA,0.00,2801.060606,184870,719.94,0.00,721.76075,719.5241,711.865125,-0.01,0.00,0.00,0.01
TSLA,0.00,4388.742424,289657,680.74,0.01,696.0885,709.1527,713.36695,-0.02,-0.04,-0.01,0.00
TSLA,0.00,5023.121212,331526,666.2,0.00,672.9465,679.6612,701.674925,-0.02,-0.03,-0.03,0.00
TSLA,0.00,4118.893939,271847,687.97,0.00,677.88925,665.3603,678.35675,0.02,0.04,0.00,-0.01
TSLA,0.00,2533.215385,164659,677.87,-0.01,682.40575,687.8037,676.2238,-0.01,-0.02,0.00,0.00
TSLA,0.00,2256.769231,146690,677.82,0.00,679.5,676.9948,679.592875,0.00,0.00,0.00,0.01
TSLA,0.00,4376.439394,288845,702.86,0.01,689.97475,682.8003,680.917875,0.03,0.04,0.01,0.00
TSLA,0.00,2309.092308,150091,708.22,0.00,707.4895,708.4027,690.36755,0.00,0.00,0.01,0.00
TSLA,0.00,2523.530303,166553,712.51,0.00,709.54275,708.1115,702.30085,0.01,0.01,0.01,-0.01
TSLA,0.00,3667.030303,242024,710.35,-0.01,712.0645,713.2993,709.70385,-0.02,-0.01,0.00,0.00
TSLA,0.00,3434.969697,226708,710.25,0.00,705.3565,704.6156,708.567275,0.01,0.01,0.00,0.01
TSLA,0.00,4109.439394,271223,722.11,0.01,718.116,714.8084,710.112575,0.02,0.02,0.01,0.00
TSLA,0.00,4243.090909,280044,735.09,0.00,731.0075,728.311,716.803775,0.00,0.01,0.01,-0.01
TSLA,0.00,1919.909091,126714,738.54,-0.01,735.95525,736.3782,728.2999,0.00,0.00,0.01,-0.01
TSLA,0.00,2924.69697,193030,736.87,-0.01,735.32225,735.3331,734.71605,0.00,0.00,0.00,0.01
TSLA,0.00,3922.909091,258912,729.79,0.01,731.08725,733.0803,735.664,0.00,-0.01,0.00,-0.01
TSLA,0.00,3044.784615,197911,758.13,-0.01,747.219,735.3561,734.1355,0.01,0.02,0.01,0.00
TSLA,0.00,4132.454545,272742,756.98,0.00,755.55475,754.0743,740.657225,0.00,-0.01,0.01,0.00
TSLA,0.00,3209.818182,211848,756.31,0.00,756.38325,753.2938,748.550825,0.00,0.00,0.01,-0.03
TSLA,0.00,3836.212121,253190,756.3,-0.03,756.3445,756.3294,753.87185,-0.02,-0.01,0.00,0.03
TSLA,0.00,5592.076923,363485,718.24,0.03,726.4385,740.6744,751.765825,0.02,-0.01,-0.01,-0.01
TSLA,0.00,2844.469697,187735,748.58,-0.01,747.343,739.6106,743.599425,-0.01,0.00,-0.01,0.02
TSLA,0.00,3577.878788,236140,739.29,0.02,741.48575,741.0733,738.72565,0.02,0.02,0.01,0.01
TSLA,0.00,3984.80303,262997,748.87,0.01,751.9655,752.4929,745.330875,0.01,0.00,0.00,0.00
TSLA,0.00,5079,335214,757.97,0.00,757.59725,755.6409,749.619525,0.00,0.00,0.01,0.00
TSLA,0.00,6089.015152,401875,729.94,0.00,741.55225,749.377,752.63115,-0.02,-0.03,-0.01,0.00
TSLA,0.00,3070.712121,202667,741.42,0.00,734.606,729.2341,743.7012,0.01,0.02,-0.01,0.01
TSLA,0.00,3510.878788,231718,746.65,0.01,742.19975,740.9474,737.9606,0.01,0.01,0.00,0.00
TSLA,0.00,2480.397059,168667,754.26,0.00,753.80275,750.8906,742.0028,0.00,0.00,0.01,0.03
TSLA,0.00,5838.454545,385338,755.38,0.03,751.85575,752.9322,749.10045,0.02,0.02,0.01,0.02
TSLA,0.00,5197.287879,343021,776.515,0.02,773.34225,769.711,757.9785,0.03,0.03,0.02,-0.01
TSLA,0.00,4565.075758,301295,784.21,-0.01,788.1855,792.37,773.5317,-0.01,-0.02,0.01,-0.01
TSLA,0.00,4180.909091,275940,789.04,-0.01,784.8455,780.1263,782.4677,0.00,0.00,0.00,-0.01
TSLA,0.00,3286.378788,216901,784.94,-0.01,783.09325,780.5602,783.233525,0.00,0.00,0.00,0.01
TSLA,0.00,3389.530303,223709,764.27,0.01,772.3465,779.1865,780.507775,0.00,-0.01,0.00,-0.02
TSLA,0.00,5867.969697,387286,794.1,-0.02,790.03525,778.8486,778.948,-0.01,0.01,0.00,-0.01
TSLA,0.00,2847.30303,187922,789.21,-0.01,787.22875,784.4371,780.481775,-0.01,0.00,0.00,0.00
TSLA,0.00,2379.545455,157050,781.42,0.00,780.52825,780.5404,782.75275,0.00,0.00,0.00,0.01
TSLA,0.00,3488.242424,230224,787.53,0.01,784.6355,782.7524,782.68985,0.01,0.01,0.00,0.00
TSLA,0.00,2586.138462,168099,788.03,0.00,789.5825,790.605,784.788025,0.00,-0.01,0.00,0.00
TSLA,0.00,2228.651515,147091,795.41,0.00,793.488,789.3756,787.462225,0.00,0.01,0.00,0.00
TSLA,0.00,3147.257576,207719,805.08,0.00,801.728,797.7938,791.937225,0.01,0.01,0.01,0.00
TSLA,0.00,2490.242424,164356,807.95,0.00,807.31575,808.6408,799.518525,0.00,0.00,0.01,0.00
TSLA,0.00,1890.151515,124750,814.8,0.00,814.208,811.4346,806.874875,0.00,0.01,0.01,0.02
TSLA,0.00,5612.484848,370424,826.005,0.02,823.3125,820.5126,813.54555,0.02,0.02,0.01,0.01
TSLA,0.00,4133.636364,272820,863.5,0.01,853.69125,841.4613,825.12615,0.02,0.03,0.02,-0.01
TSLA,0.00,2797.378788,184627,868.71,-0.01,869.02725,870.3939,845.805925,0.00,0.00,0.02,-0.01
TSLA,0.00,3888.666667,268318,868.41,-0.01,864.392,868.6997,862.857725,0.00,0.00,0.01,0.00
TSLA,0.00,5678.128571,397469,895.59,0.00,877.68675,870.2396,869.3669,0.02,0.03,0.01,0.00
TSLA,0.00,4398.106061,290275,909.135,0.00,900.71375,895.8573,879.1546,0.01,0.01,0.01,0.05
TSLA,0.00,12530.16176,852051,975.435,0.05,943.5355,920.8815,898.222575,0.09,0.09,0.04,-0.06
TSLA,0.00,12754.84848,841820,1081.34,-0.06,1051.3995,1027.6037,949.5617,-0.02,0.00,0.05,-0.02
TSLA,0.00,10392,685872,1056.165,-0.02,1040.76325,1031.1346,1002.9204,0.00,0.01,0.03,0.02
TSLA,0.00,5047.454545,333132,1058.9,0.02,1053.64375,1046.4503,1040.531775,0.02,0.02,0.01,0.03
TSLA,0.00,4227.77027,312855,1088.25,0.03,1082.1875,1075.2231,1055.484675,0.02,0.02,0.02,0.06
TSLA,0.00,17864.59701,1196928,1135.79,0.06,1133.20275,1119.5841,1087.20035,0.05,0.05,0.03,-0.03
TSLA,0.00,7628.458333,549249,1202.1,-0.03,1190.79125,1182.876,1131.639125,-0.01,-0.01,0.03,0.02
TSLA,0.00,6483.210526,492724,1182.72,0.02,1178.2945,1173.4953,1165.82755,0.02,0.01,0.01,0.00
TSLA,0.00,5337.409091,352269,1233.33,0.00,1224.8605,1204.5049,1182.989125,0.01,0.03,0.02,-0.01
TSLA,0.00,4897.522388,328134,1232.88,-0.01,1228.311,1232.2826,1205.174275,0.00,0.00,0.01,0.01
TSLA,0.00,5368.679487,418757,1149,0.01,1217.8095,1224.8166,1222.687925,-0.03,-0.03,-0.01,-0.12
TSLA,0.00,13158.07595,1039488,1173.6,-0.12,1174.88775,1181.4336,1210.7929,-0.12,-0.12,-0.06,0.06
TSLA,0.00,8877.320513,692431,1010.59,0.06,1020.2365,1033.0122,1131.774425,0.02,0.02,-0.05,-0.04
TSLA,0.00,5170.727273,398146,1103.08,-0.04,1048.838,1051.6587,1074.212375,0.02,0.01,-0.02,-0.01
TSLA,0.00,6613.512821,515854,1047.79,-0.01,1063.52575,1064.431,1055.3534,-0.03,-0.04,-0.01,0.00
TSLA,0.00,9109.807692,710565,1016.13,0.00,1026.31825,1026.505,1049.249075,-0.02,-0.03,-0.02,0.05
TSLA,0.00,5431.051282,423622,1003.99,0.05,1008.5345,996.4909,1023.9401,0.04,0.05,0.00,0.02
TSLA,0.00,7316.75641,570707,1064.35,0.02,1047.03175,1045.9981,1021.5087,0.04,0.04,0.03,-0.01
TSLA,0.00,4725.858974,368617,1104.925,-0.01,1093.75675,1089.5085,1052.319275,0.00,0.00,0.03,0.03
TSLA,0.00,4854.846154,378678,1101.55,0.03,1093.24925,1088.6447,1082.86375,0.04,0.03,0.02,-0.01
TSLA,0.00,8772.75641,684275,1162.31,-0.01,1136.6085,1122.3043,1101.406475,0.03,0.04,0.03,-0.05
TSLA,0.00,9063.871795,706982,1163.8,-0.05,1175.1325,1172.707,1134.275925,-0.07,-0.07,0.01,0.03
TSLA,0.00,4912.538462,383178,1080.39,0.03,1090.0835,1094.9265,1140.719925,0.03,0.02,-0.01,-0.02
TSLA,0.00,5218.046512,224376,1098.95,-0.02,1121.513,1120.3728,1127.418,-0.03,-0.02,-0.02,0.03
TSLA,0.00,4793.974359,373930,1100.99,0.03,1091.5375,1096.038,1109.7623,0.04,0.03,0.01,0.00
TSLA,0.00,6105.217949,476207,1148,0.00,1133.6115,1132.2591,1117.73715,0.00,0.00,0.01,-0.06
TSLA,0.00,7082.141026,552407,1160.695,-0.06,1138.9535,1135.571,1126.955575,-0.02,0.00,0.01,-0.01
TSLA,0.00,6366.75641,496607,1099.17,-0.01,1112.80725,1130.1305,1138.064,-0.03,-0.04,-0.02,-0.07
TSLA,0.00,9050.910256,705971,1086.99,-0.07,1081.52425,1084.011,1117.2741,-0.06,-0.06,-0.04,0.01
TSLA,0.00,6432.873418,508197,1001.51,0.01,1010.8,1017.1416,1069.8266,0.00,-0.01,-0.04,0.01
TSLA,0.00,4950.346154,386127,1044.81,0.01,1010.09175,1006.3637,1025.539725,0.04,0.04,-0.01,0.01
TSLA,0.00,2659.103896,204751,1052.87,0.01,1048.419,1046.9683,1019.7181,0.02,0.01,0.02,-0.05
TSLA,0.00,6123.641026,477644,1060.99,-0.05,1066.25225,1060.8793,1040.40355,-0.05,-0.04,0.00,0.01
TSLA,0.00,5290.974359,412696,1009.43,0.01,1010.63875,1019.1088,1041.72055,0.00,0.00,-0.01,-0.03
TSLA,0.00,10346.73077,807045,1001.26,-0.03,1012.93525,1013.7043,1026.906675,-0.05,-0.05,-0.03,0.02
TSLA,0.00,6429.564103,501506,944.99,0.02,964.9345,962.1598,993.04695,-0.01,-0.02,-0.03,0.02
TSLA,0.00,5721.102564,446246,952.91,0.02,953.599,943.5424,967.689375,0.01,0.00,-0.02,-0.07
NFLX,0.00,2429.779221,187093,520.26,0.01,519.78175,518.8878,514.5796,0.01,0.01,0.01,0.01
NFLX,0.00,3689.435897,287776,529.01,0.01,525.0955,523.3999,520.7511,0.01,0.02,0.01,0.00
NFLX,0.00,2436.08,182706,534.04,0.00,531.901,531.3965,524.973875,-0.01,0.00,0.01,0.00
NFLX,0.00,1989.205128,155158,529.955,0.00,528.97925,529.6795,529.024105,0.00,0.00,0.00,0.00
NFLX,0.00,1479.202703,109461,527.94,0.00,529.56375,528.571,529.57118,-0.01,-0.01,-0.01,-0.02
NFLX,0.00,1999.948718,155996,525.16,-0.02,523.67275,523.26442,526.517355,-0.01,-0.01,-0.01,0.00
NFLX,0.00,1631.829268,66905,515.21,0.00,518.08225,518.7006,523.068205,-0.01,-0.01,-0.01,0.01
NFLX,0.00,2225.961538,173625,516.28,0.01,513.7945,514.9591,520.15808,0.01,0.01,-0.01,0.02
NFLX,0.00,3137.038462,244689,519.66,0.02,520.13525,519.8269,517.214125,0.02,0.02,0.01,-0.01
NFLX,0.00,1408.428571,108449,531.515,-0.01,530.72025,532.3105,521.9265,-0.01,-0.01,0.01,0.03
NFLX,0.00,3229.717949,251918,526.38,0.03,525.672,525.9401,526.81395,0.02,0.02,0.01,-0.03
NFLX,0.00,3638.525641,283805,539.385,-0.03,537.60125,538.2178,532.53765,-0.03,-0.03,-0.01,0.00
NFLX,0.00,2165.961538,168945,521.98,0.00,522.3725,520.3517,529.70925,0.00,0.00,-0.01,-0.02
NFLX,0.00,4238.670886,334855,511,-0.02,520.448,519.9357,524.84518,-0.03,-0.02,-0.02,0.00
NFLX,0.00,3287.545455,253141,508.475,0.00,504.94525,507.9231,515.778005,0.01,0.00,-0.01,0.00
NFLX,0.00,2133.324675,164266,511.11,0.00,510.05675,509.51938,511.528145,0.00,0.00,0.00,-0.02
NFLX,0.00,2397.217949,186983,508.29,-0.02,510.18175,509.9828,509.35072,-0.02,-0.01,0.00,-0.01
NFLX,0.00,11624.73077,906729,500.065,-0.01,500.32615,502.84696,507.09871,-0.02,-0.03,-0.01,0.03
NFLX,0.00,3842.833333,299741,495.28,0.03,491.41225,490.0656,499.572165,0.04,0.04,0.00,-0.01
NFLX,0.00,3458.615385,269772,507.78,-0.01,508.9635,509.3095,499.669565,-0.01,-0.01,0.01,-0.01
NFLX,0.00,11883.11538,926883,501.9,-0.01,501.665,502.6389,502.320725,-0.01,0.00,0.00,0.07
NFLX,0.00,5395.151899,426217,501.32,0.07,499.259,500.5391,503.3844,0.01,0.01,0.00,0.04
NFLX,0.00,18531.70513,1445473,564.73,0.04,570.943,557.5956,515.81765,0.03,0.05,0.06,-0.01
NFLX,0.00,8327.384615,649536,583.23,-0.01,588.72325,585.14288,547.94452,-0.02,-0.02,0.05,-0.03
NFLX,0.00,4700.717949,366656,582.1,-0.03,579.573,575.9318,576.206545,-0.02,-0.01,0.00,-0.02
NFLX,0.00,5769.115385,449991,567.4,-0.02,567.967,569.8668,576.724895,-0.02,-0.02,-0.02,0.01
NFLX,0.00,4533.923077,353646,554.73,0.01,555.5481,556.38072,566.939475,0.01,0.01,-0.01,-0.05
NFLX,0.00,9953.075949,786293,550.35,-0.05,557.252,560.3227,561.359425,-0.05,-0.04,-0.02,0.00
NFLX,0.00,7023.217949,547811,536.1,0.00,530.56225,534.8174,551.09231,0.02,0.02,-0.01,-0.01
NFLX,0.00,4653.012821,362935,538.59,-0.01,542.34035,545.87064,544.64841,-0.01,-0.02,-0.01,0.00
NFLX,0.00,3325.584416,256070,537.11,0.00,534.1938,533.51002,538.14024,0.01,0.01,0.00,0.01
NFLX,0.00,3536.461538,275844,542.01,0.01,540.724,541.3394,538.825765,0.02,0.02,0.01,-0.02
NFLX,0.00,3329.670886,263044,550.17,-0.02,552.21125,552.6865,543.036255,-0.02,-0.02,0.01,0.02
NFLX,0.00,4726.179487,368642,540.67,0.02,541.115,542.615,545.92125,0.02,0.02,0.00,-0.01
NFLX,0.00,2086.730769,162765,552.675,-0.01,551.18175,552.6247,546.884725,0.00,0.00,0.00,-0.01
NFLX,0.00,2349.25641,183242,554.9,-0.01,550.35025,551.0659,547.82505,0.00,-0.01,0.00,0.00
NFLX,0.00,2381.295082,145259,556.825,0.00,547.7475,547.3541,550.089875,0.03,0.02,0.01,0.00
NFLX,0.00,3270.910256,255131,562.8,0.00,561.44825,560.5242,553.399975,0.00,0.00,0.00,-0.01
NFLX,0.00,2000.662338,154051,565.32,-0.01,562.981,559.2157,555.9094,-0.01,0.00,0.01,0.00
NFLX,0.00,2637.846154,205752,556.79,0.00,557.73725,557.0914,558.97805,-0.01,-0.01,0.00,0.00
NFLX,0.00,2978.558442,229349,555.56,0.00,554.88,554.3379,556.838275,0.00,0.00,0.00,0.00
NFLX,0.00,1966.473684,149452,551.045,0.00,556.024,555.6174,555.94935,-0.01,-0.01,-0.01,0.00
NFLX,0.00,2750.333333,214526,548.79,0.00,549.6385,548.3374,553.10785,0.00,0.00,-0.01,-0.02
NFLX,0.00,3939.350649,303330,548.97,-0.02,548.2435,546.4498,548.712875,-0.01,-0.01,-0.01,0.00
NFLX,0.00,4392.74359,342634,535,0.00,539.8225,540.2921,544.220475,-0.01,-0.01,-0.01,0.04
NFLX,0.00,4428.717949,345440,526.02,0.04,534.6695,536.3488,540.07445,0.02,0.01,-0.01,0.02
NFLX,0.00,2798.948052,215519,539.9,0.02,544.3685,539.9121,537.195475,0.01,0.02,0.01,0.00
NFLX,0.00,3648.582278,288238,550.91,0.00,551.9855,551.9548,542.569725,-0.02,-0.02,0.01,-0.02
NFLX,0.00,3676.589744,286774,547.51,-0.02,542.458,541.9558,546.569675,0.00,0.01,0.00,0.01
NFLX,0.00,3129.589744,244108,545.94,0.01,543.1545,546.1707,546.8813,0.01,0.01,0.00,-0.01
NFLX,-0.29,1270.217949,99077,553.76,-0.01,467.56825,516.031,537.8119,-0.06,-0.23,-0.11,-0.05
NFLX,-0.05,2589.846154,202008,545.24,-0.05,385.539,375.1218,468.94695,0.35,0.34,-0.04,-0.02
NFLX,-0.23,2545.615385,198558,521.56,-0.02,444.179,471.2406,442.440825,0.04,-0.15,-0.03,0.01
NFLX,0.00,2442,190476,511.98,0.01,461.39225,401.5728,430.216,0.11,0.27,0.07,-0.04
NFLX,0.00,2517.298701,193832,514.98,-0.04,513.2355,510.7753,458.19485,-0.03,-0.01,0.06,0.00
NFLX,0.00,1805.705128,140845,506.92,0.00,498.7495,503.1331,485.954975,0.02,0.01,0.05,-0.02
NFLX,0.00,1563.513158,118827,513.78,-0.02,509.49,509.447,508.74715,0.00,0.00,0.00,0.02
NFLX,0.00,2221.75,168853,512.35,0.02,507.8435,507.5442,507.438525,0.03,0.02,0.01,0.01
NFLX,0.00,1966.539474,149457,513.8,0.01,521.74925,517.4042,511.730825,-0.01,-0.01,0.00,0.02
NFLX,0.00,1567.723077,101902,509.94,0.02,513.1415,512.8235,512.662975,0.01,0.00,0.00,-0.01
NFLX,0.00,1913.453125,122461,531.125,-0.01,524.68125,517.8521,514.4485,0.00,0.02,0.01,0.00
NFLX,0.00,2392.878788,157930,522.095,0.00,521.6985,524.5181,519.043375,0.01,-0.01,0.01,-0.02
NFLX,0.00,2213.363636,146082,515.18,-0.02,518.3005,519.9523,521.878225,-0.02,-0.02,-0.01,0.01
NFLX,0.00,2049.876923,133242,507.7,0.01,505.743,508.3167,516.743325,0.01,0.00,-0.01,-0.01
NFLX,0.00,1709.415385,111112,526.865,-0.01,518.314,513.0081,513.006,0.01,0.03,0.00,-0.01
NFLX,0.00,2949.772727,194685,538.76,-0.01,532.66475,528.6643,517.152275,0.01,0.02,0.02,-0.01
NFLX,0.00,1775.461538,115405,525.74,-0.01,529.93375,534.7127,528.0262,-0.01,-0.02,0.01,-0.02
NFLX,0.00,2698.515152,178102,511.63,-0.02,517.562,522.5483,530.14115,-0.03,-0.04,-0.02,0.01
NFLX,0.00,1888.866667,113332,503.88,0.01,503.34775,502.5183,518.6838,0.00,0.00,-0.02,0.01
NFLX,0.00,1687.507937,106313,506.83,0.01,506.51925,503.4351,508.485825,0.01,0.02,0.00,0.01
NFLX,0.00,1189.227273,78489,508.42,0.01,510.9665,512.5879,506.422875,0.00,0.00,0.00,0.00
NFLX,0.00,2239.590909,147813,521.7,0.00,517.5815,513.6406,509.90815,0.01,0.02,0.01,0.01
NFLX,0.00,3391.060606,223810,532.42,0.01,527.92025,526.5865,517.508525,0.02,0.02,0.01,0.01
NFLX,0.00,1690.636364,111582,534.16,0.01,537.04775,536.3736,526.926375,0.01,0.01,0.01,-0.01
NFLX,0.00,1049.65625,67178,547.52,-0.01,546.7135,542.8609,535.49605,0.00,0.01,0.01,0.00
NFLX,0.00,981.265625,62801,546.07,0.00,544.6155,545.9541,542.10425,0.01,0.00,0.01,0.01
NFLX,0.00,2152.606061,142072,551.005,0.01,549.4485,548.4624,546.31695,0.01,0.01,0.00,0.01
NFLX,0.00,1832.276923,119098,547.64,0.01,551.0435,552.3716,548.826825,0.01,0.00,0.00,0.00
NFLX,0.00,1946.515152,128470,552.76,0.00,554.16175,554.4876,551.5221,0.00,0.00,0.00,-0.01
NFLX,0.00,1323.55814,56913,558.43,-0.01,555.55325,554.8849,553.341075,-0.01,0.00,0.00,-0.01
NFLX,0.00,1983.861538,128951,544.09,-0.01,549.661,551.6619,553.407025,-0.02,-0.02,-0.01,0.00
NFLX,0.00,1405.787879,92782,546.29,0.00,544.55775,543.6793,549.35835,0.01,0.01,0.00,0.01
NFLX,0.00,1519.861538,98791,543.38,0.01,545.59075,548.9107,547.335575,0.00,-0.01,0.00,0.01
NFLX,0.00,1664.712121,109871,548.38,0.01,548.40925,545.9117,546.430925,0.01,0.01,0.00,-0.11
NFLX,0.00,3449.485294,234565,552.5,-0.11,555.277,552.7372,548.285225,-0.02,-0.01,0.00,0.00
NFLX,0.00,9430.015152,622381,507.06,0.00,512.57575,535.7102,545.912375,-0.01,-0.05,-0.02,0.01
NFLX,0.00,5554.757576,366614,504.95,0.01,507.0835,508.9203,530.9412,-0.01,-0.01,-0.03,0.01
NFLX,0.00,3617.863636,238779,502.78,0.01,505.447,504.6074,512.126425,0.00,0.00,-0.01,0.01
NFLX,0.00,1753.492308,113977,505.945,0.01,506.2625,506.3962,505.2949,0.00,0.00,0.00,0.00
NFLX,0.00,2288.651515,151051,507.68,0.00,508.83875,507.7725,505.821075,0.00,0.00,0.00,0.00
NFLX,0.00,1486.469697,98107,504.395,0.00,506.20725,506.5459,507.051075,0.00,0.00,0.00,0.01
NFLX,0.00,3839.30303,253394,502.54,0.01,505.14375,506.1467,506.82945,0.00,0.00,0.00,0.01
NFLX,0.00,2818.646154,183212,510.95,0.01,508.586,506.699,505.74445,0.01,0.01,0.00,-0.02
NFLX,0.00,2301.921875,147323,517.11,-0.02,512.9755,513.2319,508.36435,-0.01,-0.01,0.00,0.00
NFLX,0.00,2113.123077,137353,504.43,0.00,506.60625,507.3589,509.5758,-0.01,-0.01,-0.01,-0.01
NFLX,0.00,2134.184615,138722,502.855,-0.01,502.7705,501.4099,506.41335,-0.01,0.00,-0.01,0.01
NFLX,0.00,2437.393939,160868,495.82,0.01,495.568,498.2838,501.998725,0.00,-0.01,-0.01,-0.01
NFLX,0.00,2424.484848,160016,507.09,-0.01,502.20775,497.6831,498.9613,0.00,0.01,0.00,-0.02
NFLX,0.00,3702.954545,244395,495,-0.02,499.44475,501.5467,499.393625,-0.02,-0.02,0.00,0.01
NFLX,0.00,1727.833333,114037,488,0.01,488.22575,490.6052,497.84195,0.02,0.01,0.00,-0.01
NFLX,0.00,4934.484848,325676,490,-0.01,492.10975,494.1446,494.786025,-0.01,-0.02,-0.01,0.00
NFLX,0.00,2063.787879,136210,489.08,0.00,486.958,485.9776,489.9644,0.00,0.00,0.00,0.00
NFLX,0.00,2054.030769,133512,491.32,0.00,489.43425,487.4865,488.56365,0.01,0.01,0.00,0.00
NFLX,0.00,2600.227273,171615,486.935,0.00,489.77075,490.8147,488.65405,-0.01,-0.01,0.00,-0.01
NFLX,0.00,1482.234375,94863,491.6,-0.01,488.59,486.6155,488.797825,0.00,0.01,0.00,0.01
NFLX,0.00,2636.629032,163471,484.64,0.01,484.53625,488.0308,488.55745,0.00,-0.01,0.00,0.00
NFLX,0.00,2238.80303,147761,499.9,0.00,493.64775,488.748,487.824775,0.02,0.03,0.01,-0.01
NFLX,0.00,1662.121212,109700,500.52,-0.01,502.14575,501.918,493.02295,-0.01,0.00,0.01,0.00
NFLX,0.00,1042.015385,67731,504.02,0.00,501.337,500.3858,498.4781,0.00,0.00,0.01,0.00
NFLX,0.00,1472.363636,97176,503.31,0.00,502.63375,502.0404,501.5333,0.00,0.00,0.00,0.00
NFLX,0.00,1839.609375,117735,502.77,0.00,501.63225,500.8661,501.3404,0.00,0.00,0.00,0.00
NFLX,0.00,924.75,59184,503.55,0.00,501.74525,502.6582,501.8838,0.00,0.00,0.00,-0.01
NFLX,0.00,2010.318182,132681,505.69,-0.01,504.194,503.6146,502.446575,0.00,0.01,0.00,-0.01
NFLX,0.00,1294.71875,82862,502.01,-0.01,503.01175,505.1924,504.40875,0.00,-0.01,0.00,-0.01
NFLX,0.00,1021.05,61263,503.1,-0.01,499.741,500.3704,503.5321,0.00,0.00,0.00,0.00
NFLX,0.00,2124.80303,140237,491.7,0.00,495.09325,496.7832,500.7066,-0.01,-0.02,-0.01,0.00
NFLX,0.00,2246.484848,148268,495.73,0.00,493.16525,490.8757,495.5502,0.01,0.01,0.00,0.00
NFLX,0.00,3321.138462,215874,492.41,0.00,493.281,495.6532,494.024,0.00,0.00,0.00,0.00
NFLX,0.00,1725.272727,113868,493.5,0.00,495.60275,494.863,494.175175,-0.01,-0.01,0.00,-0.01
NFLX,0.00,1820.136364,120129,491.035,-0.01,492.173,492.249,493.4985,-0.01,0.00,0.00,0.00
NFLX,0.00,5400.80303,356453,485.5,0.00,486.1855,488.6791,491.826375,0.00,0.00,0.00,0.00
NFLX,0.00,2584.924242,170605,490.475,0.00,488.93925,488.3468,489.315075,0.00,0.00,0.00,0.01
NFLX,0.00,2714.121212,179132,495.07,0.01,492.3275,490.4484,488.716975,0.02,0.02,0.01,-0.01
NFLX,0.00,1358,88270,495.52,-0.01,498.27875,500.0735,493.553025,-0.01,-0.02,0.00,-0.01
NFLX,0.00,1511,95193,495.5,-0.01,493.94675,492.6837,495.2242,-0.01,0.00,0.00,0.01
NFLX,0.00,1933.615385,125685,495.22,0.01,493.71475,491.7888,494.2805,0.01,0.02,0.00,0.00
NFLX,0.00,4518.3125,289172,501.49,0.00,499.3425,500.0338,494.92865,0.00,0.00,0.01,0.01
NFLX,0.00,8681.590909,572985,494.62,0.01,496.698,500.1249,498.151475,0.00,-0.01,0.00,0.02
NFLX,0.00,3673.939394,242480,496.54,0.02,496.991,495.7545,498.5658,0.03,0.03,0.00,0.00
NFLX,0.00,1283.606061,84718,511.88,0.00,512.3455,510.8877,501.45895,0.00,0.00,0.01,0.00
NFLX,0.00,2188.140625,140041,516.32,0.00,515.33975,513.9425,507.567475,0.01,0.01,0.01,0.00
NFLX,0.00,1515.272727,100008,527.34,0.00,525.949,521.5308,515.413525,0.01,0.01,0.01,0.01
NFLX,0.00,1438.030303,94910,528.95,0.01,528.0025,528.0511,521.92105,0.01,0.01,0.01,0.01
NFLX,0.00,988.8196721,60318,530.67,0.01,532.775,531.7092,527.88085,0.00,0.00,0.00,-0.01
NFLX,0.00,1765.712121,116537,533.085,-0.01,532.84075,533.0335,530.61415,-0.01,-0.01,0.00,-0.01
NFLX,0.00,1070,64200,536.88,-0.01,531.64825,530.853,531.649075,0.00,0.00,0.00,0.00
NFLX,0.00,811.9285714,45468,532.01,0.00,533.3215,533.3786,532.364925,0.00,0.00,0.00,0.01
NFLX,0.00,1442.555556,90881,537.07,0.01,535.21325,533.8254,532.51605,0.01,0.01,0.01,0.00
NFLX,0.00,1696.393939,111962,536.78,0.00,540.0375,540.3204,535.57655,-0.01,-0.01,0.00,0.00
NFLX,0.00,986.40625,63130,532.285,0.00,533.97325,535.1319,536.604225,0.00,0.00,0.00,0.01
NFLX,0.00,851.9516129,52821,530.51,0.01,530.942,532.5064,535.289425,0.01,0.01,0.00,0.00
NFLX,0.00,639.9137931,37115,534.68,0.00,535.65575,536.3842,534.21835,0.00,0.00,0.00,0.00
NFLX,0.00,1040.451613,64508,540.59,0.00,538.08125,536.6236,534.987725,0.01,0.01,0.01,-0.01
NFLX,0.00,3370.666667,222464,550.75,-0.01,545.6935,543.2758,538.80045,0.01,0.02,0.01,-0.01
NFLX,0.00,1832.727273,120960,546.59,-0.01,551.22125,551.8332,544.90715,-0.02,-0.02,0.00,-0.01
NFLX,0.00,1528.290323,94754,533.775,-0.01,538.97475,540.0589,545.6042,-0.01,-0.01,-0.01,0.00
NFLX,0.00,1223.2,73392,531.89,0.00,528.79175,531.8768,540.573525,0.00,0.00,-0.01,-0.02
NFLX,0.00,1639.212121,108188,525.09,-0.02,525.98125,527.7301,533.487475,0.01,0.01,0.00,0.01
NFLX,0.00,4214.242424,278140,508.445,0.01,519.3835,528.4404,529.749425,-0.02,-0.03,-0.01,0.00
NFLX,0.00,1907.424242,125890,510.39,0.00,510.55975,509.9195,521.364975,0.00,0.00,-0.01,0.02
NFLX,0.00,1365.125,87368,505.815,0.02,508.7,509.1552,513.50675,0.01,0.01,-0.01,0.00
NFLX,0.00,1300.33871,80621,518.33,0.00,515.89275,515.3977,511.070625,0.00,0.00,0.00,0.00
NFLX,0.00,1231.53125,78818,516.745,0.00,517.74025,516.9867,514.047875,0.00,0.00,0.00,0.00
NFLX,0.00,731,45322,521.38,0.00,520.27725,517.9877,516.9543,0.00,0.00,0.00,-0.01
NFLX,0.00,934.5714286,58878,517.9,-0.01,519.31825,519.3509,518.17165,-0.01,0.00,0.00,0.00
NFLX,0.00,856.2222222,53942,517.86,0.00,516.4705,516.748,518.46105,0.00,0.00,0.00,-0.01
NFLX,0.00,906.5087719,51671,517.9,-0.01,515.96175,516.6961,517.656675,0.00,0.00,0.00,0.00
NFLX,0.00,1031.131148,62899,509.5,0.00,512.602,514.5682,516.4365,-0.01,-0.01,0.00,0.01
NFLX,0.00,1664.915254,98230,510.86,0.01,511.5735,510.3112,513.89915,0.01,0.01,0.00,0.01
NFLX,0.00,1326.816667,79609,519.57,0.01,517.86575,516.7934,513.378275,0.01,0.01,0.01,0.00
NFLX,0.00,1252.754098,76418,522.94,0.00,523.898,523.8297,516.977675,-0.01,0.00,0.01,0.00
NFLX,0.00,690.8793103,40071,520.57,0.00,520.33875,520.9972,520.9484,0.00,0.00,0.00,0.00
NFLX,0.00,876.9193548,54369,516.38,0.00,518.6625,519.1926,521.454575,-0.01,-0.01,-0.01,-0.01
NFLX,0.00,1270.25,81296,515.76,-0.01,515.3455,515.2002,518.391375,-0.01,-0.01,-0.01,0.00
NFLX,0.00,1110.292308,72169,510.59,0.00,510.488,511.3324,514.94345,0.00,0.00,0.00,0.00
NFLX,0.00,986.8064516,61182,516.985,0.00,514.8285,512.1926,512.519025,0.00,0.01,0.00,0.01
NFLX,0.00,1032.892857,57842,514.795,0.01,516.482,517.7019,513.80515,0.00,0.00,0.00,0.01
NFLX,0.00,751.1666667,45070,515.3,0.01,516.1525,516.3177,515.38445,0.01,0.00,0.00,0.00
NFLX,0.00,939.7096774,58262,522.39,0.00,520.95,519.2753,517.506025,0.01,0.01,0.00,0.01
NFLX,0.00,3793.969697,250402,540.02,0.01,529.6415,526.3847,520.41825,0.03,0.03,0.02,-0.01
NFLX,0.00,1571.076923,102120,549.91,-0.01,545.818,544.5497,531.34695,0.00,0.01,0.02,0.00
NFLX,0.00,958.7936508,60404,550.58,0.00,548.90075,548.7939,541.78545,0.01,0.01,0.01,0.00
NFLX,0.00,1118.984375,71615,551.69,0.00,552.212,553.3297,548.915525,0.00,0.00,0.00,0.00
NFLX,0.00,1218.393939,80414,547.96,0.00,550.78925,551.5256,551.44785,0.00,-0.01,0.00,0.00
NFLX,0.00,939.828125,60149,548.1,0.00,548.71775,548.0364,550.5308,0.00,0.00,0.00,0.00
NFLX,0.00,864.1612903,53578,560.315,0.00,556.0945,552.4387,550.13475,0.00,0.01,0.00,0.00
NFLX,0.00,767.3389831,45273,564.61,0.00,560.976,558.9759,553.21445,0.01,0.01,0.01,0.01
NFLX,0.00,975.6393443,59514,564.56,0.01,565.05725,564.9144,559.06215,0.00,0.00,0.01,0.01
NFLX,0.00,2244.276923,145878,575.45,0.01,571.38275,568.4272,564.11425,0.02,0.03,0.01,-0.01
NFLX,0.00,1879.65625,120298,594.73,-0.01,590.6535,588.5782,573.814,0.00,0.00,0.02,0.01
NFLX,0.00,740.9298246,42233,586.57,0.01,588.01175,589.3163,583.8689,0.00,0.00,0.01,0.00
NFLX,0.00,2040.692308,132645,606.74,0.00,599.4745,594.0999,590.8143,0.01,0.03,0.01,-0.01
NFLX,0.00,2202.193548,136536,610.9,-0.01,607.84225,608.881,598.18685,0.00,-0.01,0.01,-0.01
NFLX,0.00,1765.138462,114734,603.93,-0.01,605.61875,605.7102,603.921175,-0.01,-0.01,0.00,0.01
NFLX,0.00,2096.272727,138354,595.36,0.01,596.97225,599.328,603.7765,0.01,0.01,0.00,0.01
NFLX,0.00,1093.825397,68911,585.25,0.01,592.122,599.6859,601.427975,-0.01,-0.02,-0.01,-0.01
NFLX,0.00,1929.969697,127378,583.295,-0.01,584.57775,586.2764,594.754775,-0.01,-0.01,-0.01,0.01
NFLX,0.00,1472.8125,94260,576.65,0.01,577.72225,577.7238,586.42545,0.01,0.01,-0.01,0.01
NFLX,0.00,860.8245614,49067,581.21,0.01,581.1965,581.7473,581.108375,0.01,0.00,0.00,0.00
NFLX,0.00,2284.015152,150745,588.11,0.00,586.285,584.6269,580.760525,0.00,0.00,0.00,-0.01
NFLX,0.00,1325.075758,87455,579.95,-0.01,584.1975,583.437,583.062225,-0.02,-0.02,0.00,0.00
NFLX,0.00,1253.12963,67669,574.62,0.00,574.628,573.428,580.6572,0.00,0.00,0.00,-0.01
NFLX,0.00,1124.192982,64079,594.67,-0.01,584.0345,578.9266,578.423575,0.01,0.02,0.00,-0.01
NFLX,0.00,790.7868852,48238,597.83,-0.01,595.067,593.4414,582.0802,0.00,0.00,0.01,0.01
NFLX,0.00,814.34,40717,587.12,0.01,590.55675,592.8757,589.049025,0.00,-0.01,0.00,0.01
NFLX,0.00,1121.967742,69562,586.485,0.01,585.62475,587.1851,591.269175,0.01,0.00,0.00,-0.02
NFLX,0.00,2118.234375,135567,593.075,-0.02,593.113,590.0902,589.3735,-0.01,-0.01,0.00,-0.01
NFLX,0.00,2455.90625,157178,605.175,-0.01,596.84225,590.6348,588.40825,0.01,0.02,0.01,-0.01
NFLX,0.00,2810.636364,185502,614.605,-0.01,609.63025,606.1767,595.79025,0.01,0.01,0.01,0.02
NFLX,0.00,1309.274194,81175,599.04,0.02,605.14825,610.7723,604.554725,0.01,0.00,0.01,0.01
NFLX,0.00,2021,133386,599.46,0.01,608.3885,608.6904,608.70805,-0.01,-0.02,0.00,0.02
NFLX,0.00,3447.560606,227539,623.41,0.02,614.0505,605.0237,606.3974,0.04,0.05,0.01,0.01
NFLX,0.00,1132.892308,73638,635.29,0.01,633.73075,635.3732,616.1777,0.01,0.00,0.02,-0.01
NFLX,0.00,1321,84544,637.27,-0.01,638.1785,636.7955,628.2531,-0.01,0.00,0.01,-0.01
NFLX,0.00,943.9090909,62298,641.91,-0.01,637.32625,636.2078,636.080925,0.00,0.00,0.00,-0.02
NFLX,0.00,1407.274194,87251,638.47,-0.02,634.6245,634.7493,636.451125,-0.01,0.00,0.00,-0.01
NFLX,0.00,1305.830508,77044,630.72,-0.01,630.12,631.4706,634.81195,-0.01,-0.01,-0.01,0.01
NFLX,0.00,723.1272727,39772,623.98,0.01,625.289,624.7213,630.898075,0.00,0.00,0.00,0.00
NFLX,0.00,1094.609375,70055,633.78,0.00,630.652,628.1772,628.309625,0.01,0.01,0.00,-0.01
NFLX,0.00,2325.076923,151130,632.465,-0.01,633.66975,634.434,629.24965,-0.01,-0.01,0.00,0.02
NFLX,0.00,2124.515152,140218,625.515,0.02,625.95425,628.4711,631.0152,0.02,0.01,0.00,0.02
NFLX,0.00,1933.597015,129551,636.67,0.02,636.474,635.2941,632.33565,0.00,0.00,0.00,-0.02
NFLX,0.00,3385.136364,223419,634.88,-0.02,632.72575,634.9314,633.014625,-0.01,-0.02,0.00,0.02
NFLX,0.00,3302.333333,217954,641.64,0.02,633.89975,628.2896,632.7301,0.03,0.04,0.01,0.01
NFLX,0.00,1899,125334,660.69,0.01,656.7125,653.2601,639.09035,0.01,0.01,0.01,0.01
NFLX,0.00,1993.90625,127610,665,0.01,662.443,661.3602,649.919775,0.02,0.01,0.02,0.00
NFLX,0.00,1603.52381,101022,671.81,0.00,672.72975,671.2447,662.0375,-0.01,-0.01,0.01,-0.01
NFLX,0.00,1206.333333,79618,666.805,-0.01,667.57875,666.1766,666.642825,0.00,0.00,0.00,0.00
NFLX,0.00,1701.796875,108915,672.01,0.00,668.99475,667.9799,668.383375,0.01,0.01,0.00,0.02
NFLX,0.00,2469.296875,158035,675.02,0.02,675.11625,674.6622,669.741225,0.02,0.02,0.01,-0.01
NFLX,0.00,1866.861538,121346,684.595,-0.01,686.7675,686.0289,676.42165,-0.01,-0.01,0.01,0.00
NFLX,0.00,2698.033333,161882,680.09,0.00,680.08975,679.3952,680.560125,0.00,0.00,0.00,0.01
NFLX,0.00,904.483871,56078,682.13,0.01,679.2895,679.1625,681.366775,0.01,0.01,0.00,-0.02
NFLX,0.00,2949.5,194667,678.73,-0.02,682.9945,684.6231,680.8411,-0.02,-0.02,0.00,-0.03
NFLX,0.00,1708.953846,111082,663.09,-0.03,663.9455,666.4364,676.69735,-0.03,-0.03,-0.01,0.00
NFLX,0.00,1053.78125,67442,650.5,0.00,646.83475,649.6558,667.315925,0.01,0.00,-0.02,0.01
NFLX,0.00,997.6271186,58860,652.81,0.01,652.2085,650.3871,656.8439,0.00,0.01,-0.01,-0.01
NFLX,0.00,1126.102941,76575,654.23,-0.01,655.0565,654.1722,652.69265,-0.02,-0.01,0.00,0.01
NFLX,0.00,1586.066667,118955,649.725,0.01,645.1835,648.0463,651.3215,0.03,0.02,0.01,0.03
NFLX,0.00,2177.371795,169835,660.22,0.03,661.8265,662.9004,655.59005,0.03,0.02,0.01,0.00
NFLX,0.00,1288.236842,97906,679.85,0.00,680.152,678.7884,663.142325,0.00,0.00,0.02,0.01
NFLX,0.00,1358.75,103265,678.835,0.01,679.74375,679.9089,673.212575,0.01,0.01,0.01,0.00
NFLX,0.00,1307.173333,98038,690.14,0.00,686.74925,684.8658,680.61825,0.01,0.01,0.01,-0.01
NFLX,0.00,1021.394366,72519,691.38,-0.01,693.007,691.9703,685.62535,-0.02,-0.01,0.00,-0.02
NFLX,0.00,1294.661972,91921,693.22,-0.02,682.50475,684.7674,687.345475,0.00,-0.01,0.00,-0.03
NFLX,0.00,2001.342105,152102,676.99,-0.03,679.02775,680.0974,685.8723,-0.02,-0.03,-0.01,0.00
NFLX,0.00,1253.885246,76487,657.19,0.00,663.77175,662.1285,676.41935,-0.02,-0.02,-0.01,0.01
NFLX,0.00,818.7777778,51583,652.78,0.01,653.562,651.9874,666.48965,0.01,0.01,-0.01,-0.01
NFLX,0.00,1894.75,75790,675.405,-0.01,659.507,659.1298,659.23755,0.01,0.01,0.00,0.00
NFLX,0.00,1286.422535,91336,663.2,0.00,668.23525,665.7524,659.25555,0.00,0.00,0.00,-0.04
NFLX,0.00,5584.653846,435603,669.5,-0.04,665.64925,664.3001,661.348525,-0.03,-0.02,0.00,-0.05
NFLX,0.00,1992.467532,153420,648.34,-0.05,645.036,649.4521,660.840475,-0.03,-0.03,-0.02,0.00
NFLX,0.00,1501.909091,115647,618.07,0.00,623.1695,629.393,649.7177,-0.01,-0.02,-0.03,-0.03
NFLX,0.00,2893.333333,225680,623.5,-0.03,617.428,617.148,631.603375,-0.03,-0.03,-0.03,0.01
NFLX,0.00,2513.910256,196085,606.425,0.01,597.8835,599.2033,613.59585,0.02,0.02,-0.01,0.01
NFLX,0.00,1467.493333,110062,620.64,0.01,611.764,611.9664,608.863925,0.02,0.02,0.01,0.00
NFLX,0.00,883,52980,630,0.00,625.6775,624.3322,612.602125,0.01,0.01,0.01,-0.03
NFLX,0.00,1864.675325,143580,627.83,-0.03,629.8955,629.8958,620.752375,-0.03,-0.02,0.00,-0.01
NFLX,0.00,1346.742424,88885,616,-0.01,613.41325,615.4137,622.632625,-0.01,-0.01,-0.01,-0.01
NFLX,0.00,1707.564103,133190,612.585,-0.01,608.72825,608.9177,618.174525,-0.01,-0.01,-0.01,0.00
NFLX,0.00,1646.175676,121817,598.635,0.00,605.05625,604.2384,609.17765,-0.02,-0.02,-0.01,0.01
NFLX,0.00,2101.987013,161853,599.06,0.01,595.61675,592.6749,601.082325,0.00,0.00,-0.01,-0.01
FB,0.00,17565.83333,1370135,274.895,0.00,273.98575,272.0068,273.467575,0.01,0.01,0.00,-0.01
FB,0.00,18145.44872,1415345,277.07,-0.01,275.87075,275.9127,274.134625,0.00,0.00,0.00,0.00
FB,0.00,10974.28205,855994,275.71,0.00,274.51625,275.557,275.40078,0.00,-0.01,0.00,0.00
FB,0.00,9888.410256,771296,272.978,0.00,274.2835,272.9621,274.817705,-0.01,0.00,-0.01,-0.02
FB,0.00,10445.80769,814773,271.5,-0.02,272.31775,272.5241,272.867975,-0.02,-0.02,-0.01,0.00
FB,0.00,22100.33333,1723826,267.17,0.00,266.789,266.6259,270.2439,0.01,0.01,0.00,-0.01
FB,0.00,5660.833333,237755,268.875,-0.01,269.8475,270.4703,269.3755,-0.01,-0.01,0.00,0.03
FB,0.00,20437.08861,1614530,268.79,0.03,266.96225,267.6373,268.26825,0.04,0.03,0.01,0.00
FB,0.00,12295.39744,959041,276.795,0.00,276.431,275.7403,270.87015,0.01,0.01,0.01,-0.02
FB,0.00,11519.96203,910077,278.075,-0.02,278.4685,278.4208,274.2661,-0.02,-0.02,0.01,0.00
FB,0.00,10012.10256,780944,272.04,0.00,272.91375,273.2983,276.100375,0.00,-0.01,-0.01,-0.02
FB,0.00,10205.84615,796056,274.81,-0.02,272.03475,271.6805,274.20605,-0.01,-0.01,-0.01,0.01
FB,0.00,9479.717949,739418,268.22,0.01,268.848,268.1412,271.09403,0.01,0.01,0.00,0.01
FB,0.00,19814.96154,1545567,261.94,0.01,265.38835,268.84396,269.7022,0.00,-0.01,-0.01,0.01
FB,0.00,10422.57692,812961,265.56,0.01,265.06975,265.379,267.97817,0.01,0.01,0.00,0.00
FB,0.00,10843.71795,845810,268.35,0.00,268.90425,268.5622,267.392315,-0.01,-0.01,0.00,-0.01
FB,0.00,28534.15385,2225664,260.12,-0.01,264.88725,265.2676,266.6241,-0.03,-0.02,-0.01,-0.02
FB,0.00,16146.35897,1259416,256.61,-0.02,257.40625,259.5834,263.630645,-0.02,-0.03,-0.02,0.00
FB,0.00,13341.60256,1040645,251.475,0.00,251.37045,251.83518,257.888415,0.00,0.00,-0.02,-0.03
FB,0.00,23555.03797,1860848,253.41,-0.03,252.08675,251.7439,253.54706,-0.02,-0.02,-0.01,0.01
FB,0.00,25766.83333,2009813,247.92,0.01,246.72765,247.51896,250.488625,0.02,0.02,0.00,0.02
FB,0.00,22792.88608,1800638,256.64,0.02,252.1138,252.12512,250.5365,0.04,0.03,0.01,0.00
FB,0.00,20544.21795,1602449,268.7,0.00,264.80615,262.00108,254.56167,0.02,0.03,0.03,0.01
FB,0.00,16554.34615,1291239,269,0.01,268.91325,268.95062,261.70278,0.01,0.01,0.03,0.01
FB,0.00,20132.5641,1570340,272,0.01,272.6125,272.2469,268.653245,0.01,0.01,0.02,0.00
FB,0.00,15042.87179,1173344,278.14,0.00,275.94625,275.8168,273.237875,0.00,0.00,0.01,0.02
FB,0.00,13765.08861,1087442,278.5,0.02,277.48375,276.8722,275.548825,0.02,0.02,0.01,-0.04
FB,0.00,30679.28205,2392984,282.25,-0.04,281.95425,282.483,278.97885,-0.04,-0.03,0.00,-0.04
FB,0.00,32829.25641,2560682,277.18,-0.04,274.992,272.838,278.0306,-0.03,-0.01,-0.01,-0.03
FB,0.00,23160.51899,1829681,265.37,-0.03,266.0395,269.7748,273.816675,-0.03,-0.05,-0.03,0.01
FB,0.00,18427.62821,1437355,259.5,0.01,259.4483,257.91592,266.137855,0.01,0.02,-0.02,0.01
FB,0.00,13959.48718,1088840,264,0.01,263.29005,262.80912,261.220935,0.02,0.02,0.01,0.00
FB,0.00,14083.35897,1098502,265.5,0.00,267.256,267.663,263.14546,0.00,0.00,0.01,0.00
FB,0.00,23835.0641,1859135,267.07,0.00,267.4375,267.8923,266.624505,-0.01,-0.01,0.00,0.01
FB,0.00,6052.769231,472116,266.59,0.01,265.9505,265.843,266.6771,0.01,0.01,0.00,-0.01
FB,0.00,11177.10256,871814,268.71,-0.01,268.16975,268.29708,266.97362,-0.01,-0.01,0.00,0.01
FB,0.00,10750.28205,838522,266.37,0.01,266.25485,265.92564,266.888905,0.01,0.02,0.01,0.00
FB,0.00,9284.653846,724203,272.45,0.00,270.5418,270.27752,268.456135,0.00,0.00,0.00,-0.01
FB,0.00,17994.97436,1403608,271.87,-0.01,271.875,270.4264,269.53951,-0.01,0.00,0.00,0.00
FB,0.00,5567.461538,434262,270.53,0.00,270.4795,269.9776,270.08488,0.00,0.00,0.00,0.01
FB,0.00,10712.88608,846318,270.68,0.01,269.5202,269.37588,269.96227,0.02,0.02,0.01,0.01
FB,0.00,11964.17949,933206,271.24,0.01,273.41175,274.0354,271.673545,0.00,-0.01,0.00,0.00
FB,0.00,10529.98718,821339,269.565,0.00,272.1413,272.28364,272.572075,-0.01,-0.01,-0.01,-0.03
FB,0.00,19872.34177,1569915,269.86,-0.03,269.7512,268.86652,270.941185,-0.03,-0.03,-0.01,0.01
FB,0.00,19401.78205,1513339,257.8,0.01,261.2125,261.4082,266.85647,0.00,0.00,-0.01,0.03
FB,0.00,18162,1416636,259.1,0.03,260.25515,261.07886,262.972495,0.02,0.01,0.00,0.01
FB,0.00,12704.64103,990962,262.24,0.01,265.56195,264.28038,261.985985,0.00,0.00,0.00,-0.03
FB,0.00,13133.23077,1024392,262.31,-0.03,264.9925,264.9806,263.16693,-0.03,-0.03,0.00,0.01
FB,0.00,16628.34177,1313639,256.89,0.01,255.6983,256.95852,262.02354,0.03,0.03,0.00,0.01
FB,0.00,18345.07692,1430916,260.82,0.01,259.98775,262.0801,261.2299,0.02,0.01,0.00,-0.02
FB,-0.06,4766.128205,371758,265.45,-0.02,119.42545,206.09698,247.089045,1.08,0.20,-0.02,-0.02
FB,-0.05,5236.910256,408479,260.29,-0.02,143.40025,194.9073,229.93809,0.79,0.27,-0.02,0.00
FB,0.00,12878.96154,1004559,256.645,0.00,76.9755,174.4156,204.84937,2.35,0.48,0.09,0.01
FB,0.00,9808.358974,765052,260.685,0.01,245.20025,253.2201,221.27385,0.07,0.03,0.08,-0.04
FB,0.00,10195.33333,795236,265.405,-0.04,263.42975,261.1392,239.82965,-0.02,-0.01,0.08,0.02
FB,0.00,7183.051282,560278,260.96,0.02,257.77825,258.9479,258.4339,0.04,0.03,0.02,-0.01
FB,0.00,5717.089744,445933,268.64,-0.01,267.3685,266.9681,262.861475,-0.01,-0.01,0.00,0.02
FB,0.00,6982.506494,537653,268.19,0.02,265.834,265.2393,264.091475,0.03,0.04,0.02,0.00
FB,0.00,7575.897436,590920,268.72,0.00,274.56625,275.6037,269.3998,-0.03,-0.03,0.00,0.01
FB,0.00,5370.469697,354451,271.92,0.01,271.13175,268.406,269.9385,0.01,0.02,0.00,0.00
FB,0.00,7599.712121,501581,279.99,0.00,276.80275,274.7901,271.180125,0.01,0.02,0.01,0.01
FB,0.00,11101.22727,732681,280.76,0.01,279.6625,279.9978,275.146725,0.02,0.01,0.01,-0.01
FB,0.00,8893.393939,586964,281.195,-0.01,281.97675,281.9487,279.31595,0.00,0.00,0.01,0.01
FB,0.00,14918.57576,984626,288.35,0.01,283.81375,283.1648,281.5696,0.02,0.03,0.01,0.00
FB,0.00,8944.5,590337,293.22,0.00,291.018,290.5409,285.88015,0.02,0.02,0.02,-0.02
FB,0.00,10833.33333,715000,296.02,-0.02,294.21375,296.5711,291.2391,0.00,-0.01,0.01,-0.02
FB,0.00,5804.136364,383073,288.67,-0.02,290.14675,292.8062,294.1418,-0.02,-0.03,-0.01,-0.02
FB,0.00,7688.363636,507432,283.32,-0.02,284.1755,284.4805,291.255525,-0.02,-0.02,-0.02,0.01
FB,0.00,5624.04918,343067,281.21,0.01,280.43725,280.2085,285.185475,0.00,0.01,-0.01,0.02
FB,0.00,8386.575758,553514,286.58,0.02,285.40175,282.9902,282.19675,0.02,0.03,0.01,-0.01
FB,0.00,8773.893939,579077,290,-0.01,290.9905,291.0765,284.8225,-0.01,-0.01,0.01,0.00
FB,0.00,5579.484848,368246,293.52,0.00,290.3875,289.6869,288.24425,0.02,0.02,0.01,0.00
FB,0.00,4698.363636,310092,299.72,0.00,298.44825,296.6518,292.434875,0.00,0.01,0.01,0.01
FB,0.00,11308.5,746361,306.89,0.01,302.98425,299.8836,296.0319,0.02,0.03,0.02,0.00
FB,0.00,4642.136364,306381,307.27,0.00,307.97925,308.0703,302.38995,0.00,0.00,0.01,0.01
FB,0.00,4970.227273,328035,310.66,0.01,308.0815,307.5021,306.22255,0.01,0.01,0.01,0.01
FB,0.00,5311.318182,350547,310.39,0.01,311.78275,312.2102,309.3028,0.00,0.00,0.00,0.00
FB,0.00,4708.909091,310788,313.24,0.00,313.212,312.873,311.123575,-0.01,0.00,0.00,0.01
FB,0.00,3457,228162,309.915,0.01,310.535,311.1979,312.08545,0.00,0.00,0.00,-0.01
FB,0.00,4310.961538,224170,312.14,-0.01,311.981,311.1661,311.5756,0.00,0.00,0.00,-0.01
FB,0.00,4910.060606,324064,304.41,-0.01,307.101,310.143,310.851675,-0.01,-0.02,-0.01,0.00
FB,0.00,5840.212121,385454,307.765,0.00,305.399,304.4661,308.28075,0.01,0.01,0.00,0.00
FB,0.00,3885.181818,256422,306.49,0.00,306.65175,307.8793,306.92265,0.00,-0.01,0.00,-0.01
FB,0.00,6854.606061,452404,303.68,-0.01,305.161,305.3594,306.1573,-0.01,-0.01,0.00,0.01
FB,0.00,6940.030303,458042,300.5,0.01,300.88725,301.5142,304.608375,0.01,0.00,-0.01,0.01
FB,0.00,5397.121212,356210,298.36,0.01,300.2345,301.2187,302.166875,0.00,0.00,-0.01,-0.02
FB,0.00,4699.848485,310190,302.02,-0.02,301.4635,300.5348,300.5857,-0.01,-0.01,0.00,0.01
FB,0.00,20337.15152,1342252,298,0.01,297.773,298.1171,300.092825,0.01,0.01,0.00,-0.01
FB,0.00,12125.18182,800262,304.82,-0.01,303.43925,302.1913,300.383225,0.00,0.00,0.00,0.00
FB,0.00,6727.909091,444042,303.35,0.00,302.8685,302.6719,301.123375,0.01,0.01,0.01,0.04
FB,0.00,8171.179104,547469,308.28,0.04,308.28,306.1328,303.7312,0.00,0.01,0.01,0.01
FB,0.00,14693.10606,969745,325.15,0.01,327.42975,316.2407,307.8914,0.01,0.03,0.02,-0.01
FB,0.00,10201.40909,673293,327.72,-0.01,328.48275,328.1803,317.070925,-0.01,-0.01,0.02,-0.01
FB,0.00,5646.833333,372691,327.32,-0.01,326.1095,325.9211,324.512775,-0.01,-0.01,0.00,0.01
FB,0.00,8262.5,545325,316.36,0.01,318.1115,321.1085,324.8633,-0.01,-0.02,-0.01,-0.01
FB,0.00,4616.136364,304665,319.02,-0.01,318.31075,316.3065,320.3367,-0.01,0.00,-0.01,0.02
FB,0.00,9872.515152,651586,314.31,0.02,315.0445,315.9486,317.28295,0.01,0.01,0.00,-0.01
FB,0.00,6834.939394,451106,321.73,-0.01,320.664,319.0603,317.4102,0.00,0.00,0.00,-0.01
FB,0.00,10260.86364,677217,308.67,-0.01,313.3495,317.3465,317.933625,-0.02,-0.03,-0.01,0.02
FB,0.00,7384.242424,487360,301.785,0.02,303.87475,305.4461,313.8927,0.01,0.00,-0.02,0.00
FB,0.00,11715.62121,773231,301.85,0.00,303.56025,304.9165,307.795,0.00,-0.01,-0.01,-0.01
FB,0.00,6629.287879,437533,307.53,-0.01,305.17175,303.3736,303.682925,0.00,0.01,0.00,0.01
FB,0.00,6326.348485,417539,312.45,0.01,310.298,306.9667,304.48905,0.02,0.03,0.01,0.00
FB,0.00,4694.954545,309867,314.36,0.00,314.5245,314.8963,308.974225,0.00,0.00,0.01,-0.02
FB,0.00,5123.348485,338141,315.48,-0.02,314.80175,313.8885,312.4473,-0.01,0.00,0.00,0.02
FB,0.00,6264.30303,413444,308.3,0.02,308.178,311.1251,313.461675,0.01,0.00,0.00,0.01
FB,0.00,3813.984848,251723,316.74,0.01,315.19625,313.4419,312.741025,0.01,0.01,0.00,-0.01
FB,0.00,3714.378788,245149,317.82,-0.01,317.85175,318.0379,314.060025,0.00,0.00,0.01,0.00
FB,0.00,4967.090909,327828,324.31,0.00,320.485,319.0318,317.175975,0.01,0.02,0.01,0.00
FB,0.00,5298.469697,349699,329.1,0.00,326.52725,325.6527,321.151525,0.00,0.01,0.01,0.00
FB,0.00,3978.439394,262577,326.93,0.00,327.144,327.4547,324.79615,0.00,0.00,0.01,0.01
FB,0.00,6029.606061,397954,328.955,0.01,327.78375,328.0115,327.210225,0.01,0.01,0.00,0.00
FB,0.00,4431.909091,292506,329.54,0.00,330.49825,330.4925,328.96705,0.00,0.00,0.00,0.00
FB,0.00,6492.484848,428504,328.97,0.00,328.8565,329.9529,330.003425,0.00,0.00,0.00,0.00
FB,0.00,4127.787879,272434,330.77,0.00,329.97225,329.8808,329.98355,-0.01,0.00,0.00,0.00
FB,0.00,4218.863636,278445,324.69,0.00,326.466,327.5518,329.2028,0.00,0.00,0.00,0.00
FB,0.00,3493.107692,227052,328.65,0.00,327.5625,326.8721,327.99565,0.01,0.01,0.00,0.02
FB,0.00,7397.090909,488208,330.56,0.02,330.2045,330.4841,328.1907,0.02,0.02,0.01,0.00
FB,0.00,5513.651515,363901,334.57,0.00,335.824,336.104,331.74175,-0.01,-0.01,0.01,-0.01
FB,0.00,4919.954545,324717,334.42,-0.01,334.22425,333.8748,333.812475,-0.01,0.00,0.00,0.00
FB,0.00,4615.106061,304597,331.4,0.00,331.02425,331.773,333.797525,0.00,0.00,0.00,0.00
FB,0.00,3603.606061,237838,330.9,0.00,331.729,332.1648,332.3804,0.00,-0.01,0.00,0.01
FB,0.00,4203.893939,277457,334.62,0.01,332.274,331.0112,331.195875,0.01,0.01,0.00,0.00
FB,0.00,5506.272727,363414,336.66,0.00,337.26925,336.1242,332.928525,0.00,0.00,0.00,-0.02
FB,0.00,8035.469697,530341,336.74,-0.02,336.4455,336.3502,334.965725,-0.02,-0.01,0.00,0.01
FB,0.00,6880.060606,454084,334.42,0.01,332.50875,332.0098,335.021875,0.01,0.01,0.00,-0.01
FB,0.00,6514.19697,429937,332.6,-0.01,334.8105,335.981,334.805925,-0.01,-0.01,0.00,0.01
FB,0.00,4756.893939,313955,330.26,0.01,330.107,331.2026,333.290475,0.01,0.00,0.00,0.02
FB,0.00,4995.757576,329720,334.08,0.02,333.54225,332.3134,332.75085,0.01,0.01,0.00,-0.01
FB,0.00,5314.454545,350754,342.39,-0.01,340.857,338.3835,333.75135,0.00,0.01,0.01,0.00
FB,0.00,4847.136364,319911,344.39,0.00,342.563,341.8001,337.7523,0.00,0.00,0.01,0.00
FB,0.00,3928.181818,259260,341.56,0.00,341.79575,342.6427,341.56655,0.00,0.00,0.00,0.04
FB,0.00,13672.90909,902412,343.115,0.04,342.727,341.9315,342.2482,0.02,0.01,0.00,0.00
FB,0.00,5572.130435,384477,350.68,0.00,353.825,348.9755,343.756075,-0.01,0.01,0.01,-0.01
FB,0.00,5541.939394,365768,349.825,-0.01,350.48525,351.1894,347.45865,-0.01,-0.01,0.01,0.02
FB,0.00,7245.151515,478180,348.58,0.02,348.84125,348.6872,349.8337,0.01,0.01,0.00,0.00
FB,0.00,2820.287879,186139,354.445,0.00,354.5755,353.6528,350.494725,0.00,0.00,0.00,0.00
FB,0.00,5080.757576,335330,354.26,0.00,354.75325,354.2845,352.179625,-0.01,-0.01,0.00,-0.01
FB,0.00,3212.242424,212008,354.9,-0.01,353.8325,352.8716,353.4013,-0.01,0.00,0.00,0.00
FB,0.00,4930.348485,325403,345.46,0.00,346.53525,349.428,352.033675,0.00,-0.01,-0.01,0.01
FB,0.00,5497.893939,362861,347.36,0.01,347.018,346.8886,349.459075,0.01,0.01,0.00,0.00
FB,0.00,3898.757576,257318,351.34,0.00,350.70725,350.37,348.393675,0.01,0.01,0.00,-0.01
FB,0.00,2955.969697,195094,353.62,-0.01,351.30125,352.6012,350.46905,0.00,0.00,0.01,-0.01
FB,0.00,6477.651515,427525,349.525,-0.01,351.59225,352.3383,352.294025,-0.01,-0.01,0.00,0.00
FB,0.00,5344.560606,352741,342.6,0.00,345.5945,347.32,350.817825,-0.01,-0.01,-0.01,0.00
FB,0.00,4518.757576,298238,340.445,0.00,342.7905,342.6203,346.64315,0.00,0.00,-0.01,0.00
FB,0.00,6063.469697,400189,337.33,0.00,337.991,340.5492,342.8533,-0.01,-0.01,-0.01,0.01
FB,0.00,5310.121212,350468,337.76,0.01,336.3335,336.3054,339.6423,0.02,0.02,0.00,0.01
FB,0.00,3024.212121,199598,343.025,0.01,343.10025,342.4392,339.3841,0.01,0.01,0.01,0.01
FB,0.00,7067.878788,466480,348.455,0.01,346.8865,345.5535,341.81675,0.01,0.01,0.01,0.01
FB,0.00,12406.15152,818806,366.95,0.01,359.06225,353.3851,347.202175,0.03,0.05,0.03,0.00
FB,0.00,8149.060606,537838,371.58,0.00,371.25375,371.7173,358.280625,0.00,0.00,0.02,0.00
FB,0.00,4799.030303,316736,368.585,0.00,370.7365,371.3105,367.80695,-0.01,-0.01,0.01,-0.04
FB,0.00,10124,779548,372.76,-0.04,369.7625,367.5528,369.97355,-0.01,0.01,0.00,-0.01
FB,0.00,10361.27273,683844,360.705,-0.01,360.10825,367.17,368.8846,-0.01,-0.02,-0.01,-0.01
FB,0.00,5068.681818,334533,359.925,-0.01,357.851,357.9073,365.052625,-0.01,0.00,-0.01,-0.01
FB,0.00,14143.25758,933455,353.955,-0.01,355.0105,355.6811,359.446975,-0.01,-0.01,-0.01,0.00
FB,0.00,3144.515152,207538,350.025,0.00,350.64,351.9367,355.227025,0.00,0.00,-0.01,0.02
FB,0.00,4667.015152,308023,353.17,0.02,352.51875,351.5911,352.5843,0.02,0.02,0.00,0.00
FB,0.00,2657.833333,175417,361.45,0.00,359.46275,359.4464,354.07605,0.01,0.01,0.01,0.00
FB,0.00,2938.530303,193943,363.41,0.00,363.2035,362.143,358.32905,0.00,0.00,0.01,0.00
FB,0.00,2471.681818,163131,363.02,0.00,362.8665,362.991,361.728325,0.00,0.00,0.00,0.00
FB,0.00,1939.333333,127996,362.16,0.00,362.20325,362.0802,362.524525,0.00,0.00,0.00,0.00
FB,0.00,2556.787879,168748,359.34,0.00,359.82525,360.4888,361.79505,0.00,0.00,0.00,0.01
FB,0.00,2191.575758,144644,360.93,0.01,359.41175,359.9238,360.560825,0.01,0.01,0.00,0.00
FB,0.00,1864,123024,363.44,0.00,363.1335,362.3718,360.686675,0.00,0.00,0.00,0.02
FB,0.00,3472.348485,229175,359.3,0.02,362.43125,362.6334,361.745325,0.01,0.00,0.00,-0.01
FB,0.00,3741.80303,246959,363.31,-0.01,363.8615,364.2794,362.686875,-0.02,-0.02,0.00,-0.01
FB,0.00,3560.136364,234969,357.78,-0.01,358.06425,357.4572,361.051175,0.00,0.00,0.00,0.00
FB,0.00,4581.909091,302406,354.78,0.00,354.428,356.7894,359.24195,0.00,0.00,-0.01,0.00
FB,0.00,3088.969231,200783,357.93,0.00,356.45025,355.7759,356.726075,0.01,0.01,0.00,0.00
FB,0.00,3279.333333,216436,363.31,0.00,361.4075,359.2754,357.053575,0.01,0.02,0.01,0.00
FB,0.00,2348.015152,154969,366.85,0.00,364.7765,364.8783,360.337775,0.00,0.00,0.01,0.00
FB,0.00,3053.984848,201563,368.31,0.00,367.66925,366.8786,364.3442,0.00,0.00,0.01,-0.01
FB,0.00,2704.590909,178503,366.33,-0.01,367.952,368.3304,366.9591,-0.01,-0.01,0.00,0.01
FB,0.00,2936.348485,193799,370.27,0.01,367.30925,366.6104,367.39115,0.01,0.02,0.00,0.01
FB,0.00,3355.393939,221456,375.89,0.01,373.5155,372.9388,369.17315,0.02,0.02,0.01,0.00
FB,0.00,3946.727273,260484,380.32,0.00,380.7935,380.4925,373.6844,0.00,0.00,0.01,0.00
FB,0.00,3126.045455,206319,380.97,0.00,380.51125,380.4275,378.210775,0.01,0.01,0.01,0.00
FB,0.00,4821.090909,318192,375.47,0.00,379.40175,381.855,381.1224,-0.01,-0.02,0.00,0.00
FB,0.00,1912.692308,124325,377,0.00,375.3175,375.3489,379.402625,0.00,0.00,0.00,0.01
FB,0.00,3818.5,252021,376.58,0.01,376.165,376.3192,377.356925,0.02,0.01,0.00,0.00
FB,0.00,10675.45455,704580,379.42,0.00,380.40625,381.085,377.6551,-0.01,-0.01,0.00,0.00
FB,0.00,3260.560606,215197,379.22,0.00,378.25375,377.1929,378.298375,0.00,0.00,0.00,-0.01
FB,0.00,3079.227273,203229,381.8,-0.01,380.65325,379.3334,378.81045,0.00,0.00,0.00,0.00
FB,0.00,5127.909091,338442,375.87,0.00,377.60925,379.8924,379.1699,-0.01,-0.01,0.00,0.00
FB,0.00,3601.318182,237687,376.45,0.00,376.2605,376.0216,378.48,0.00,0.00,0.00,0.01
FB,0.00,10570.13636,697629,368.96,0.01,372.61725,375.3407,376.791675,0.00,-0.01,-0.01,0.01
FB,0.00,6460.984848,426425,371.12,0.01,372.3245,372.6864,374.142775,0.00,0.00,0.00,-0.01
FB,0.00,10379.16667,685025,368.44,-0.01,370.056,370.9567,372.0351,-0.02,-0.02,-0.01,0.00
FB,0.00,8732.787879,576364,355.62,0.00,359.6495,362.0584,368.52795,-0.02,-0.03,-0.02,0.00
FB,0.00,4056.348485,267719,357,0.00,356.346,353.5545,361.461375,0.01,0.01,-0.01,-0.01
FB,0.00,20838.75,1417035,344.25,-0.01,349.89375,354.6526,356.30795,-0.02,-0.03,-0.01,-0.01
FB,0.00,9309.5,633046,348.74,-0.01,345.796,344.6161,350.702525,0.00,0.00,-0.01,0.02
FB,0.00,7323.227273,483333,347.745,0.02,346.22825,346.3728,347.0852,0.02,0.02,0.00,0.01
FB,0.00,5828.818182,384702,350.79,0.01,350.58225,351.5802,347.9899,0.01,0.00,0.01,-0.01
FB,0.00,10163.31818,670779,342.54,-0.01,347.2375,351.0817,350.06115,-0.01,-0.03,-0.01,-0.01
FB,0.00,4587.136364,302751,341.41,-0.01,341.8265,341.6375,347.36695,0.00,0.00,-0.01,0.00
FB,0.00,4777.117647,324844,341.56,0.00,341.122,341.0995,343.289025,0.00,0.00,-0.01,0.01
FB,0.00,5439.5,359007,339.42,0.01,340.68825,340.9923,341.141125,0.01,0.01,0.00,-0.01
FB,0.00,18447.37879,1217527,329.52,-0.01,334.492,340.174,341.0451,-0.03,-0.05,-0.02,0.01
FB,0.00,8091.712121,534053,329.88,0.01,328.908,326.198,334.97,0.01,0.02,-0.01,0.00
FB,0.00,6679.656716,447537,332.19,0.00,330.52975,332.2044,331.201375,0.01,0.00,0.00,-0.02
FB,0.00,24567.98485,1621487,335.355,-0.02,335.149,333.7804,331.35815,-0.01,0.00,0.01,-0.01
FB,0.00,5432.333333,358534,333.17,-0.01,330.8725,332.5645,332.88905,0.00,0.00,0.00,-0.01
FB,0.00,6902.015152,455533,329.63,-0.01,329.39175,330.5995,332.570775,-0.01,-0.01,-0.01,0.01
FB,0.00,11979.83333,790669,319.555,0.01,321.86075,325.3675,329.6473,0.00,-0.01,-0.01,0.00
FB,0.00,4166.230769,270805,324.38,0.00,324.835,322.945,325.72195,0.00,0.01,-0.01,0.00
FB,0.00,3405.818182,224784,328.45,0.00,327.13375,325.7439,323.906225,0.00,0.01,0.01,0.01
FB,0.00,8565.409091,565317,323.14,0.01,326.115,327.492,325.918075,-0.01,-0.01,0.00,0.02
FB,0.00,6423.181818,423930,330.11,0.02,327.8435,325.7188,326.43595,0.02,0.03,0.01,0.00
FB,0.00,4507.227273,297477,339.44,0.00,337.471,335.6297,329.4004,0.01,0.01,0.01,0.00
FB,0.00,5291.686567,354543,341.37,0.00,340.51025,340.5758,335.0618,0.00,0.00,0.01,-0.05
FB,0.00,3944.90411,287978,341.32,-0.05,340.291,340.4359,339.555225,-0.02,-0.01,0.00,-0.01
FB,0.00,14077.28358,943178,325.6,-0.01,324.031,334.2703,339.1634,-0.01,-0.04,-0.02,0.05
FB,0.00,9555.467532,735771,323.93,0.05,323.489,322.7298,332.0293,0.03,0.02,-0.02,-0.02
FB,0.00,28487.92647,1937179,323.46,-0.02,326.64175,329.6226,325.424725,-0.04,-0.05,-0.01,-0.01
FB,0.00,11181.48485,737978,315.23,-0.01,315.1835,313.9217,322.017925,0.00,0.00,-0.01,0.01
FB,0.00,20885.5,1378443,313.73,0.01,311.857,313.9262,318.053525,0.03,0.01,-0.01,0.00
FB,0.00,7070.527778,509078,323.66,0.00,322.496,320.5777,316.0142,0.00,0.01,0.01,-0.01
FB,0.00,11203.1791,750613,332.11,-0.01,328.805,325.563,320.3204,0.00,0.01,0.02,-0.01
FB,0.00,11000.56716,737038,330.4,-0.01,329.509,329.3095,326.5334,-0.01,-0.01,0.00,0.01
FB,0.00,6906.090909,455802,328.33,0.01,327.63725,326.7496,328.27895,0.01,0.01,0.00,0.00
FB,0.00,8721.19697,575599,335.66,0.00,334.192,331.2359,328.98755,0.00,0.01,0.01,0.00
FB,0.00,8262.80303,545345,340.59,0.00,339.10575,336.5292,331.632225,0.01,0.02,0.02,-0.02
FB,0.00,8089.846154,631008,344.67,-0.02,341.60975,342.9712,336.8758,0.00,-0.01,0.01,-0.01
FB,0.00,8128.448718,634019,339.87,-0.01,340.333,340.9828,340.375,-0.01,-0.01,0.00,-0.01
FB,0.00,12357.41026,963878,332.23,-0.01,335.51125,335.7616,339.397225,-0.03,-0.02,-0.01,-0.01
FB,0.00,5458.948718,425798,329.82,-0.01,327.31225,328.747,334.590375,0.00,0.00,-0.01,0.03
FB,0.00,8371.820513,653002,329.94,0.03,328.62925,329.1431,330.97985,0.03,0.03,0.01,0.01
FB,0.00,9161.538462,714600,344.55,0.01,339.8735,339.6913,332.8877,0.02,0.03,0.02,0.00
FB,0.00,6318.012821,492805,343.56,0.00,347.70425,348.4004,340.57315,-0.01,-0.01,0.01,-0.01
FB,0.00,6048.717949,471800,343.91,-0.01,344.548,343.9756,344.8548,-0.01,-0.01,0.00,0.00
FB,0.00,5765.341772,455462,339.32,0.00,341.41675,341.846,344.0575,-0.01,-0.01,-0.01,0.01
FB,0.00,8931.128205,696628,342.2,0.01,338.7625,339.2185,341.2002,0.02,0.02,0.00,-0.02
FB,0.00,9669.435897,754216,349.23,-0.02,346.1525,347.6447,342.878975,0.00,-0.01,0.01,0.00
FB,0.00,5832.217949,454913,338.71,0.00,344.3815,344.2148,344.9348,-0.02,-0.02,-0.01,0.02
FB,0.00,4288.769231,334524,336.105,0.02,337.15325,336.5269,342.525725,0.01,0.01,-0.01,-0.01
FB,0.00,7384.357143,310143,335.7,-0.01,340.48225,340.3016,339.515575,-0.02,-0.01,-0.01,0.00
FB,0.00,5708.769231,445284,336.86,0.00,334.52075,335.2837,337.313075,0.02,0.01,0.00,-0.03
FB,0.00,6805.653846,530841,335.18,-0.03,338.8015,338.9361,337.963075,-0.04,-0.04,-0.01,-0.06
FB,0.00,16382.26923,1277817,330.375,-0.06,326.5505,326.9049,333.65295,-0.04,-0.03,-0.02,0.00
FB,0.00,12016.9359,937321,311.16,0.00,313.853,316.4972,327.311275,-0.01,-0.02,-0.03,-0.02
FB,0.00,12502.98718,975233,313.62,-0.02,310.56,310.068,317.470625,-0.02,-0.02,-0.03,0.03
FB,0.00,9388.371795,732293,308,0.03,304.6055,304.1293,309.236275,0.04,0.04,0.00,0.00
FB,0.00,8206.538462,640110,321.655,0.00,318.0095,316.9614,310.2058,0.02,0.02,0.02,0.02
FB,0.00,6468.166667,504517,324.82,0.02,323.215,323.7186,316.5223,0.03,0.02,0.03,0.00
FB,0.00,7269.807692,567045,329.3,0.00,331.3735,331.2886,325.16005,0.00,0.00,0.01,-0.01
FB,0.00,4438.75641,346223,332.61,-0.01,330.8515,332.061,329.950225,-0.01,-0.01,0.00,0.01
FB,0.00,8963.307692,699138,330.95,0.01,328.263,328.5591,330.89095,0.02,0.02,0.00,0.02
FB,0.00,6329.974359,493738,328.035,0.02,336.2105,335.0857,332.30085,0.00,-0.01,0.00,0.03
FB,0.00,9262.653846,722487,332.76,0.03,334.27475,332.9991,332.7241,0.01,0.00,0.00,-0.01
