Symbol,Five_Minute_Change,Average_Volume,Total_Volume,Days_Open,Days_Change,20MA_Open,50MA_Open,200MA_Open,20MA_Change,50MA_Change,200MA_Change,Next_Days_Change
FB,0.000154511,12195.08974,951217,195.22,0.013779326,194.61175,194.8059,198.21586,0.017144134,0.014535289,-0.008415674,-0.002715751
FB,-6.28E-05,7405.294872,577613,198.84,-0.002715751,198.0102,197.69306,196.521265,0.00258724,0.003108556,0.003337298,0.011790568
FB,0.000158543,19320.96154,1507035,200.16,0.011790568,198.74145,198.43358,197.25446,0.021218774,0.023241127,0.013427073,0.016475115
FB,0.000207997,17443.25641,1360574,202.73,0.016475115,203.0115,203.0502,199.96491,0.013711046,0.011157339,0.014406078,-0.005687569
FB,-0.000120988,10419.51282,812722,207.47,-0.005687569,205.9855,205.4002,202.936945,0.002769612,0.005832029,0.010352625,-0.002684337
FB,2.71E-06,15858.54545,1221108,206.755,-0.002684337,206.62485,206.63524,205.07766,-0.00239492,-0.002062862,0.004884223,-0.006705561
FB,-0.000220021,3971.380952,166798,206.545,-0.006705561,206.1585,206.20698,206.096105,-0.001229636,-0.001266591,0.000462042,0.011292285
FB,9.29E-05,11188.5641,872708,205.45,0.011292285,205.891,205.938,206.18283,0.007053489,0.006432519,0.001671211,-0.001031893
FB,-3.87E-05,3978.717949,310340,208.355,-0.001031893,207.41775,207.3184,206.54422,0.004372818,0.003575177,0.003099361,-0.016220639
FB,-0.000211542,5333.794872,416036,207.76,-0.016220639,208.24625,208.0302,207.185825,-0.016540514,-0.014009024,-0.002188977,0.005341828
FB,1.19E-05,4675.397436,364681,204.05,0.005341828,204.77225,205.0983,206.7207,-0.000550612,-0.00284449,-0.005820825,0.01451098
FB,0.00017465,6823.487179,532232,206.74,0.01451098,204.784,204.5647,205.511965,0.020847576,0.019985364,0.002798037,0.006854936
FB,0.000101306,6148.423077,479577,207.15,0.006854936,208.7978,208.61892,206.1309,0.002092694,0.004171146,0.008725669,0.027055754
FB,0.000394324,31238.01282,2436565,206.98,0.027055754,209.17975,209.4557,207.94763,0.012713946,0.008577948,0.009045547,0.001645587
FB,-2.27E-06,11462.07692,894042,212.69,0.001645587,212.26125,211.4767,209.94403,0.003493337,0.009581954,0.008110662,0.010751174
FB,0.000108384,9626.153846,750840,213,0.010751174,213.05035,213.484,211.6837,0.011699816,0.007853984,0.008942091,0.003585547
FB,3.86E-05,7798.487179,608282,217.54,0.003585547,215.81225,215.2703,213.674095,0.009968155,0.010446123,0.008735219,-0.00730525
FB,-8.76E-05,6295.576923,491055,219.705,-0.00730525,218.0945,217.56824,215.594335,4.24E-05,0.004893453,0.008897799,0.01072502
FB,0.000121214,11578.9359,903157,219.58,0.01072502,218.13075,218.6415,217.5371,0.014463802,0.012765738,0.008603728,-0.011506701
FB,-0.000173594,11903.79487,928496,221.61,-0.011506701,221.29625,221.43772,219.48293,-0.007241424,-0.006722522,0.003741293,0.002765562
FB,-2.79E-05,7920.230769,617778,220.57,0.002765562,219.7785,219.9243,220.344155,0.005128118,0.004501367,0.002095926,-0.003145502
FB,-5.83E-05,5535.166667,431743,222.54,-0.003145502,221.0078,220.96896,220.813005,0.001687497,0.001575515,0.000198901,0.000180123
FB,-1.05E-06,17912.38462,1397166,222.07,0.000180123,221.41975,221.3653,220.88195,0.001471188,0.001108123,0.001924286,-0.003330483
FB,-3.83E-05,8998.589744,701890,222.19,-0.003330483,221.7445,221.6433,221.314115,-0.003042917,-0.002127292,-0.000188149,-0.004408655
FB,-7.78E-05,15309.87179,1194170,222.29,-0.004408655,221.21925,221.2274,221.284075,0.003102126,0.003597746,0.00119385,-0.005163043
FB,-3.80E-05,4966.948718,387422,220.8,-0.005163043,221.5301,221.90016,221.52804,-0.005766485,-0.008110945,-0.001811306,-0.012865232
FB,-0.000101971,20010.41026,1560812,220.75,-0.012865232,220.29565,220.12574,221.125535,-0.012997987,-0.010706699,-0.005049982,0.008259033
FB,0.000121946,6747.717949,526322,213.1,0.008259033,217.24875,217.58512,219.9325,-0.00953055,-0.010720494,-0.010737704,0.008145508
FB,0.000107566,10429.75641,813521,216.07,0.008145508,215.17625,215.2625,217.54583,0.01354471,0.012982754,-0.004836912,0.00717509
FB,8.94E-05,14391.5641,1122542,221.6,0.00717509,218.68625,218.3038,216.5495,0.021274772,0.021524499,0.01058818,0.015801464
FB,0.000240749,37471.60256,2922785,206.31,0.015801464,207.1956,213.09708,217.590985,0.012006288,-0.018056465,-0.013714378,-0.031917447
FB,-0.00037059,24686.9359,1925581,208.35,-0.031917447,209.258,209.337,214.127785,-0.035733401,-0.032604365,-0.033796361,0.005317316
FB,4.23E-05,9805.525641,764831,203.11,0.005317316,202.011,202.4656,206.585995,0.009334888,0.006419362,-0.008539519,0.016490302
FB,0.000170499,9196.910256,717359,206.485,0.016490302,204.29725,204.0234,204.710225,0.027890733,0.026923382,0.00389111,-0.010589232
FB,-7.49E-05,7116.202532,562180,212.48,-0.010589232,210.262,209.6634,205.592775,-0.002336371,0.000197459,0.013104546,0.000902013
FB,-8.30E-06,6372.525641,497057,210.64,0.000902013,209.958,209.7167,208.415675,0.002893436,0.004656758,0.008339584,0.008456459
FB,4.73E-05,6553.897436,511204,210.49,0.008456459,210.51775,210.6627,210.165275,0.005741796,0.005889984,0.003082217,0.007280635
FB,1.15E-05,7265.948718,566744,211.52,0.007280635,211.78375,211.8806,210.839925,0.003868333,0.002415511,0.004283676,-0.014085848
FB,-0.000244062,11606.84615,905334,210.14,-0.014085848,212.32655,212.29212,211.73005,-0.022270178,-0.019910866,-0.004616492,0.013054454
FB,0.000183864,8367.205128,652642,207.975,0.013054454,207.7004,208.08306,210.663765,0.014662225,0.012814114,-0.003335078,0.016895762
FB,0.000142499,19280.47436,1503877,209.52,0.016895762,210.604,210.69676,209.926535,0.013925424,0.012139911,0.003777965,0.000560564
FB,-1.90E-05,8767.833333,683891,214.07,0.000560564,213.59575,213.3276,210.77858,0.001543804,0.001070654,0.009151072,0.019093972
FB,0.000192217,28110.52564,2192621,213.68,0.019093972,213.93075,213.5596,212.768455,0.016693486,0.017160549,0.010414114,-0.003116478
FB,-6.07E-05,9561.051282,745762,218.195,-0.003116478,217.7605,217.4001,215.14265,0.000300789,0.001667709,0.006857264,-0.00992384
FB,-0.000108654,6615.153846,515982,216.65,-0.00992384,217.5995,217.73584,216.746115,-0.011472912,-0.014073659,7.08E-05,-0.015413446
FB,-0.0001717,25814.16667,2013505,213.45,-0.015413446,214.81025,214.6329,216.69154,-0.022902771,-0.020765223,-0.012289612,-0.005499133
FB,-6.32E-05,14778.83333,1152749,201.85,-0.005499133,206.13305,208.41452,213.178915,-0.025186645,-0.040832664,-0.029116974,-0.027643161
FB,-0.000305818,10797.29487,842189,202.22,-0.027643161,201.479,200.1927,206.595965,-0.020575345,-0.004979203,-0.023236828,0.00035515
FB,-4.31E-05,13249.24359,1033441,197.1,0.00035515,197.5395,198.8137,201.50763,-0.000248052,-0.00604234,-0.010548782,-0.010896767
FB,4.81E-05,14436.46154,1126044,191.8,-0.010896767,195.556,196.7326,199.11952,-0.016825104,-0.017736867,-0.015212999,0.053334063
FB,0.000727353,18071.07595,1427615,182.81,0.053334063,185.94605,189.87602,194.84757,0.011051324,-0.009333564,-0.021282636,0.012602118
FB,0.000146593,15904.66667,1240564,194.015,0.012602118,189.8845,188.7369,190.508825,0.011505678,0.017237223,-0.004516956,-0.055612245
FB,-0.000662667,21882.03797,1728681,196,-0.055612245,192.9311,192.16154,189.703015,-0.02323161,-0.012530811,0.006550739,0.009719508
FB,-7.21E-05,18427.62025,1455782,189.31,0.009719508,188.13065,188.95836,190.9639,0.007357121,8.59E-05,-0.003084876,-0.009417304
FB,-0.000186311,14435.16667,1125943,186.89,-0.009417304,188.9239,188.76226,190.21494,-0.021263323,-0.018384289,-0.013571016,0.01581338
FB,0.000209506,15431.96154,1203693,178.33,0.01581338,180.38895,183.17628,186.915475,-0.013550996,-0.026639803,-0.019587811,-0.005161896
FB,-0.000241777,12366.31343,828543,170.48,-0.005161896,169.6254,173.88234,180.845255,0.004759606,-0.015613662,-0.027660388,0.015648605
FB,0.000245031,11620.63636,766962,175.415,0.015648605,174.8115,172.3973,174.90868,0.005011112,0.008289573,-0.010764875,-0.012301979
FB,-0.000339211,11121.4697,734017,172.33,-0.012301979,174.69975,174.1093,172.765985,-0.030164611,-0.020799004,-0.002592582,-0.057386608
FB,-0.000555135,21854.92647,1486135,162.93,-0.057386608,160.31245,164.62798,170.960695,-0.018139265,-0.031980469,-0.026374776,0.037621695
FB,0.000521082,12750.81429,892557,162.805,0.037621695,162.9944,160.23696,164.94536,0.006703298,0.012091093,-0.020574359,-0.023957644
FB,-0.000431037,24144.62857,1690124,151.1,-0.023957644,154.6978,159.68602,160.38057,-0.030532432,-0.050619459,-0.017406847,0.017597708
FB,0.000413428,29019.61194,1944314,146.61,0.017597708,145.795,148.5747,156.5377,0.017521177,0.001733808,-0.027117557,0.008249124
FB,0.000323417,23209.12308,1508593,145.47,0.008249124,143.2138,146.31912,150.59106,-0.004856725,-0.032116924,-0.030640332,-0.008680443
FB,5.17E-05,21454.0303,1415966,154.37,-0.008680443,149.7856,144.17154,145.968635,0.051214202,0.090028587,0.018470612,-0.040041068
FB,-0.000596399,20920.0303,1380722,155.84,-0.040041068,156.37255,157.16522,149.582945,-0.035801041,-0.032944439,0.019943784,-0.010951472
FB,-7.98E-05,19243.12121,1270046,149.295,-0.010951472,149.91955,150.81432,153.585375,-0.021586911,-0.023626669,-0.011433022,0.012612498
FB,0.000490535,25485.18841,1758478,157.78,0.012612498,155.15215,150.37746,151.526895,0.023720909,0.0451573,0.004298709,0.011366948
FB,0.000200947,17205.30303,1135550,154.395,0.011366948,157.0796,157.30024,152.72835,0.014620931,0.01449699,0.0222112,0.027361932
FB,0.000403983,12067.31818,796443,158.98,0.027361932,157.748,159.0942,157.21158,0.027534422,0.011060743,0.010484215,0.003134997
FB,0.000224375,13462.48485,888524,156.3,0.003134997,157.5305,159.5309,158.91982,0.005113296,-0.014711883,-0.001579822,0.04157508
FB,0.000604962,15134.74242,998893,159.23,0.04157508,159.06545,158.21628,158.5438,0.038932402,0.037136001,0.008931727,-0.014120288
FB,-6.08E-05,34234.75758,2259494,169.26,-0.014120288,166.9477,165.55438,160.66249,0.005684714,0.016811515,0.021728781,-0.015301086
FB,-0.000277088,12590.93939,831002,162.08,-0.015301086,163.107,166.287,164.57089,-0.022806808,-0.03791493,0.000437167,-0.005282022
FB,-6.46E-05,26172.81818,1727406,159.03,-0.005282022,159.244,159.61172,164.340935,-0.012702205,-0.008778303,-0.017075904,-0.006828577
FB,8.31E-05,21803.9697,1439062,155.23,-0.006828577,156.9759,157.20336,160.53073,-0.028739443,-0.028918339,-0.022233531,0.035314707
FB,0.00043103,14754.0303,973766,159.99,0.035314707,158.2615,154.6475,156.950215,0.036916749,0.054500073,0.005568454,0.000266627
FB,9.20E-05,18475.45455,1219380,168.775,0.000266627,170.52995,166.43408,159.07723,-0.009707679,0.020932732,0.028326587,0.035833135
FB,0.000478981,23429.06061,1546318,168.28,0.035833135,169.5355,169.6061,164.79052,0.024736707,0.017999353,0.027798504,0.014652227
FB,9.64E-05,13478.10606,889555,172.67,0.014652227,174.9486,173.86634,170.534985,-0.007702834,0.002192834,0.010727447,0.020493957
FB,0.000291592,9810.030303,647462,171.27,0.020493957,173.10155,173.59862,172.60387,0.003673855,-0.004379758,0.00411923,-0.00073005
FB,-8.63E-05,15100.63636,996642,178.07,-0.00073005,177.45265,174.92286,173.77448,0.01251517,0.027671855,0.009406099,0.012301179
FB,0.000227318,9302.19697,613945,174.78,0.012301179,175.16225,178.1141,175.379895,0.011195049,-0.010305417,0.00639258,0.005760566
FB,5.65E-05,18443.66667,1217282,175.33,0.005760566,176.2705,176.60356,176.80705,-0.009933596,-0.013329629,-0.00398703,-0.010357501
FB,-0.00010831,6558.851852,354178,179.58,-0.010357501,179.091,176.0058,176.016115,-0.008952153,0.013746138,0.003366482,-0.001903695
FB,-4.62E-05,10055.39394,663656,178.6,-0.001903695,177.81025,178.0853,176.79262,0.004532922,0.00564954,0.005196088,0.021117364
FB,2.14E-06,15260.69565,1052988,172.37,0.021117364,174.6055,177.2329,177.585225,-0.014262151,-0.031626182,-0.010188629,0.009631681
FB,0.000126192,9706.223881,650317,180.55,0.009631681,179.16565,175.0641,175.78635,0.025723123,0.047583599,0.008189316,0.001297929
FB,2.00E-05,7014.060606,462928,184.91,0.001297929,184.6507,184.21642,177.628695,0.002878678,0.004851793,0.02207681,0.044564447
FB,0.000534956,10267.23529,698172,183.33,0.044564447,183.0675,184.1368,182.21687,0.036063201,0.015928809,0.015596717,-0.02839084
FB,-0.000417616,39285.54545,2592846,193.02,-0.02839084,193.247,190.3884,186.0274,-0.026065088,-0.00953472,0.007925526,-0.000323572
FB,-7.69E-05,16624.11268,1180312,185.43,-0.000323572,187.54575,187.8871,187.72274,-0.017361897,-0.017837521,0.000807228,0.09964999
FB,0.00116991,34916.02532,2758366,194.28,0.09964999,192.48905,188.22394,188.346825,0.067438641,0.059695169,0.014155004,-0.017027172
FB,-0.000152967,35388.81944,2547995,205.73,-0.017027172,206.5708,210.09124,195.50765,-0.014974043,-0.03179609,0.032484407,-0.011959387
FB,-0.000166531,10006.13636,660405,204.86,-0.011959387,204.53385,203.79334,202.6391,-0.011906831,-0.012436815,0.010627391,0.007214016
FB,5.66E-05,8148.757576,537818,203.77,0.007214016,202.5446,201.86634,203.850585,0.010766271,0.009516495,-0.003893857,-0.008951652
FB,-0.000135403,21056.18182,1389708,208.9,-0.008951652,207.79825,205.3936,203.46532,0.003988243,0.017948953,0.009458074,-0.004775093
FB,-3.75E-05,6509.38806,436129,209.42,-0.004775093,208.5143,208.87162,206.020765,0.006217559,0.006930477,0.011916469,0.007676903
FB,3.10E-05,9709.484848,640826,209.72,0.007676903,209.66225,210.1991,208.943855,0.004634835,0.003186027,0.004984234,-0.001739621
FB,-4.20E-05,6982.848485,460868,212.69,-0.001739621,211.89325,211.2928,210.224405,0.001765276,0.005583058,0.004787598,0.001300531
FB,-7.80E-05,8790.529412,597756,212.99,0.001300531,212.3605,212.32722,211.340075,0.008702654,0.006929964,0.005547623,-0.021531684
FB,-0.000136283,6620.657143,463446,213.36,-0.021531684,213.22185,213.79804,212.677835,-0.005067023,-0.001375878,0.003032991,-0.024118738
FB,-0.000360311,12655.48485,835262,210.21,-0.024118738,209.6091,211.97364,213.119225,-0.026472372,-0.037463337,-0.011703778,0.024976461
FB,0.000355608,5384.090909,355350,201.79,0.024976461,202.412,203.3304,209.56135,0.011365433,0.004916136,-0.015657038,0.018381105
FB,0.000323457,11820.75362,815632,206.19,0.018381105,205.677,204.9742,205.55664,0.021222597,0.020724559,-0.000528881,0.001973962
FB,4.99E-05,31006,1333258,212.77,0.001973962,212.8115,210.9746,206.306775,0.004823518,0.011683397,0.010756675,0.007289442
FB,0.00012348,13755.86364,907887,215.38,0.007289442,214.44625,213.9895,209.32575,0.021595155,0.01950535,0.022902653,0.012548433
FB,0.00014557,18849.07576,1244039,227.12,0.012548433,225.485,221.8057,215.889015,0.020998071,0.035680327,0.025717589,-0.019470751
FB,-0.000152763,23775.15152,1569160,235.995,-0.019470751,234.58125,231.8324,223.61421,-0.009659766,0.005283127,0.025643674,0.020771771
FB,0.000303835,22575.73134,1512574,230.12,0.020771771,230.7892,231.73648,230.428445,0.017949497,0.009965716,0.009427656,-0.031937959
FB,-0.000515693,13175.40909,869577,239.84,-0.031937959,238.508,236.2441,233.436395,-0.020220496,-0.004800543,0.002523171,0.020351033
FB,0.000343851,22155.5,1506574,225.05,0.020351033,228.1825,231.8797,233.612745,0.002218619,-0.017726864,-0.006942772,-0.013039863
FB,-0.000167225,10782.52857,754777,228.53,-0.013039863,226.0602,227.10188,230.84807,0.003332519,0.007851718,-0.011649004,-0.000868965
FB,-7.52E-05,7505.772727,495381,224.405,-0.000868965,225.4585,227.27,227.47674,0.002735537,-0.007957935,-0.002091752,0.015965357
FB,0.000195178,20380.44776,1365490,228.62,0.015965357,227.1115,226.2385,226.917165,0.014488478,0.015982691,0.002284909,0.013936068
FB,0.000179933,16529.24242,1090930,229.62,0.013936068,230.07405,230.06182,227.38588,0.002785842,-0.0020704,0.005197025,-0.001389009
FB,-2.25E-05,14131.06061,932650,230.38,-0.001389009,231.00175,230.5938,229.177035,-0.002898246,-0.002771974,0.003113423,-0.017695464
FB,-0.000243265,6996.681818,461781,230.285,-0.017695464,230.5445,230.2649,229.93131,-0.019221886,-0.015241142,-0.002782962,0.002715915
FB,6.24E-06,5516.545455,364092,230.125,0.002715915,227.9343,227.10984,229.114655,0.011533806,0.015780734,8.67E-05,0.010257529
FB,0.000127709,13692.75758,903722,229.1,0.010257529,229.30425,230.0831,229.057755,0.006662546,0.001480769,0.001640853,0.006873867
FB,-7.73E-06,24954.78788,1647016,237.13,0.006873867,234.24825,232.0903,230.03268,0.018041757,0.027907672,0.014338789,0.004670516
FB,0.000133163,11541.36364,761730,235.52,0.004670516,238.95935,238.87964,234.30738,-0.003460212,-0.004371406,0.010915597,-0.026067785
FB,-0.00030217,21225.41176,1443328,231.32,-0.026067785,231.2727,234.38648,236.99628,-0.029208808,-0.037066472,-0.015297287,-0.003746787
FB,-0.000176104,6224.090909,410790,229.53,-0.003746787,229.793,226.9832,232.239895,-0.01355459,-0.000259843,-0.015108365,0.01661638
FB,0.000373346,7630.681818,503625,228.69,0.01661638,227.99875,226.94752,228.101905,0.019118526,0.016990183,0.000225579,-0.00853515
FB,-9.20E-05,5165.5,340923,237.84,-0.00853515,236.2722,233.40558,229.06013,-0.004802512,0.00960097,0.011599531,0.015017858
FB,0.000177048,8358.61194,560027,232.39,0.015017858,234.40145,235.00448,232.40636,0.007427642,0.005368493,0.010853941,0.01318502
FB,0.000111086,6398.863636,422325,232.84,0.01318502,234.4355,235.7315,235.16681,0.001726488,-0.003806449,-0.000511849,-0.01329953
FB,-0.000110099,7410.367647,503905,240.61,-0.01329953,237.6155,235.9944,235.22244,-0.001143654,0.005609031,0.00461257,-0.000793485
FB,-6.08E-06,8276.984848,546281,239.45,-0.000793485,238.3063,237.48782,236.42555,0.002431535,0.006339188,0.005821389,-0.002594942
FB,-1.90E-05,10498.86364,692925,242.78,-0.002594942,241.43175,239.8442,238.35035,0.008860682,0.016963512,0.00870305,-0.012818891
FB,-0.000100887,5346.424242,352864,237.15,-0.012818891,239.4319,242.15356,240.574365,-0.022617705,-0.032308259,-0.005382307,-0.001991104
FB,-4.89E-05,9848.909091,650028,236.05,-0.001991104,234.6855,234.3061,238.874345,0.002929452,0.006735633,-0.00838558,-0.025456184
FB,-0.000387611,32107.18841,2215396,221.95,-0.025456184,227.9869,232.58206,235.23581,-0.046410123,-0.06161636,-0.026205406,0.023902326
FB,0.0002762,15691.02899,1082681,215,0.023902326,211.47825,212.90944,225.289445,0.036011741,0.029553598,-0.026258687,0.031358408
FB,0.000475151,17154.1194,1149326,219.08,0.031358408,220.1317,219.61698,218.24999,0.026086883,0.023062971,0.002822635,0.022204001
FB,0.000274455,16517.52239,1106674,231.715,0.022204001,229.05455,226.74952,219.937435,0.037394804,0.042953476,0.032859868,-0.005238501
FB,-2.70E-05,12322.74242,813301,234.8,-0.005238501,237.7484,237.5807,229.288875,-0.014565398,-0.011524505,0.019157493,0.016419805
FB,0.000343741,7880.242424,520096,236.3,0.016419805,234.513,234.7669,234.3896,0.019527702,0.018120953,0.010795765,-0.013591518
FB,-9.77E-05,9750.238806,653266,244.27,-0.013591518,241.92205,240.06972,237.461645,0.002465464,0.016186464,0.010761022,0.013270103
FB,0.000191981,9416.075758,621461,240.39,0.013270103,240.27825,241.5923,240.581025,0.015469565,0.004849906,0.006488999,0.003242755
FB,1.87E-05,5891.666667,388850,243.62,0.003242755,244.207,243.941,242.60108,-0.000593759,-0.003767796,-0.001203045,0.015332974
FB,0.000119397,9299.909091,613794,241.31,0.015332974,241.9672,242.81408,242.131315,0.010577053,0.001029677,0.00318319,-0.033269289
FB,-0.000526164,9702.80303,640385,247.225,-0.033269289,247.23275,244.98,243.252065,-0.020958995,0.002044657,0.004204199,0.018915243
FB,0.000103801,6156.424242,406324,235.26,0.018915243,236.748,241.4256,243.765045,0.004710705,-0.016721093,-0.006897318,-0.013482731
FB,-0.000156337,5769.878788,380812,243.645,-0.013482731,242.3291,239.80204,242.05948,-0.009052153,0.000463132,-0.00975504,0.008545929
FB,0.000180136,6701.880597,449026,237.54,0.008545929,237.86,239.2735,238.97128,0.011863071,0.002810591,0.002468623,0.014757363
FB,0.000149814,16561.18182,1093038,238.525,0.014757363,239.70475,240.1804,239.680885,0.013936937,0.006712454,0.00130461,0.009108292
FB,0.000106693,5234.530303,345479,243.185,0.009108292,240.99925,241.8149,240.00955,0.013822657,0.007052088,0.006434952,-0.012877528
FB,-0.000141362,4409.242857,308647,243.525,-0.012877528,244.92455,244.16832,242.02093,-0.013009517,-0.007474516,0.003330476,-0.001042014
FB,4.19E-05,5311.119403,355845,239.92,-0.001042014,240.5457,241.71968,242.7092,-0.006200277,-0.010695943,-0.004420455,-0.032530471
FB,-0.000383304,7200.363636,475224,240.39,-0.032530471,240.2935,239.38408,241.482115,-0.031252406,-0.01979363,-0.010512083,0.004395891
FB,-3.78E-05,5155.69697,340276,229.76,0.004395891,229.62875,231.7421,237.71486,0.005067963,-0.004637914,-0.013183715,0.003264885
FB,5.68E-05,3580.5,236313,232.78,0.003264885,232.67925,231.5061,232.0494,0.006217787,0.007678761,-0.001647839,-0.015564868
FB,-0.000165276,4222.672131,257583,233.86,-0.015564868,234.126,233.28378,231.66702,-0.007892118,-6.21E-05,0.003691095,-0.000342833
FB,-8.03E-05,4594.30303,303224,233.35,-0.000342833,232.04595,232.69788,232.669845,0.00309874,-0.002873168,0.000675528,0.084881903
FB,0.001048555,9638.578947,732532,230.32,0.084881903,231.285,231.9074,232.749225,0.047131677,0.022955024,0.002824198,0.007884023
FB,0.000134847,21251.51515,1402600,251.775,0.007884023,252.0932,246.86802,235.984055,0.00263712,0.023472785,0.028587991,-0.00015885
FB,-1.97E-05,10415.45455,687420,251.81,-0.00015885,252.3385,252.4678,244.579665,0.001838007,0.003672231,0.027371266,-0.008178822
FB,-0.000136575,5183.363636,342102,251.87,-0.008178822,251.71695,252.4369,252.52254,-0.011841475,-0.013086756,-0.003537249,-0.008553129
FB,-0.000129068,3701.378788,244291,251.37,-0.008553129,250.3724,249.60936,251.489195,-0.003515364,0.001944959,-0.003425754,0.047889883
FB,0.000646953,25896.19697,1709149,253.185,0.047889883,250.34875,250.26404,250.453405,0.060539547,0.05489722,0.014134006,-0.022280472
FB,-0.000330346,34580.10606,2282287,274.68,-0.022280472,268.4802,266.41518,255.896855,-0.004670549,0.012463629,0.02650691,-0.010656324
FB,-0.000179653,11262.13636,743301,265.57,-0.010656324,268.1666,268.41402,264.263965,-0.020107277,-0.019711787,0.009991582,-0.024125521
FB,-0.00037487,13333.25373,893328,262.585,-0.024125521,260.8776,262.08254,266.60654,-0.0075614,-0.000211536,-0.009038675,-0.008641575
FB,-0.000126151,21614.13636,1426533,262.105,-0.008641575,260.1605,261.0733,263.474125,0.002402363,-0.000688312,-0.005895683,-0.009288395
FB,-0.000186933,5692.424242,375700,263.77,-0.009288395,262.33825,261.5388,261.909615,-0.00634105,-0.000276364,-0.001153776,0.007739819
FB,8.67E-06,17568.40909,1159515,259.05,0.007739819,260.81675,260.90012,261.356655,0.000198415,-0.000583442,-0.000447951,-0.001643354
FB,-2.11E-05,6575.045455,433953,261.66,-0.001643354,261.8433,261.39472,261.364385,-0.001667219,-0.002059797,-0.001885662,0.009597225
FB,0.000159773,7394.522388,495433,259.45,0.009597225,260.882,260.95,260.77631,0.007250404,0.003530178,0.001497394,-0.005754742
FB,-0.000126004,9249.424242,610462,264.13,-0.005754742,262.72775,262.408,261.297495,0.002182868,0.009624707,0.00534167,0.016508632
FB,0.000197876,17946.45455,1184466,264.71,0.016508632,264.0445,264.4378,262.97221,0.015232281,0.009949788,0.007438486,-0.00595637
FB,-0.000170891,5364.606061,354064,268.62,-0.00595637,268.0658,267.69392,265.47718,-0.003036754,-0.001362825,0.004248576,-0.00535171
FB,-0.000193131,17168.16667,1133099,272.81,-0.00535171,272.47925,269.3687,267.26578,-0.008819938,0.002924987,0.0064289,0.025269573
FB,0.000300551,63279.66667,4176458,274.045,0.025269573,272.9335,271.1741,269.523405,0.032616004,0.034506983,0.01404967,0.047642561
FB,0.000488059,56105.64789,3983501,291.63,0.047642561,287.18575,283.9608,275.536295,0.052030611,0.054326794,0.035424625,-0.021442625
FB,-0.000375935,14172.10606,935359,299.87,-0.021442625,299.0502,300.60836,288.207985,-0.014732309,-0.019833381,0.02113472,-0.00197118
FB,-3.38E-06,6670.757576,440270,294.24,-0.00197118,294.17925,294.2262,295.199455,-0.006120418,-0.005670467,0.001786843,-0.001941483
FB,-4.65E-05,9466.742424,624805,293.59,-0.001941483,294.2916,293.04044,295.256265,0.002137846,0.004488664,-0.00546068,-0.014575898
FB,-0.000274537,4942.924242,326233,299.81,-0.014575898,295.9486,295.23824,293.851375,0.001270153,0.00508762,0.003491136,0.018126787
FB,0.000262495,26843.28788,1771657,297.35,0.018126787,296.85875,296.9007,295.23745,0.01732558,0.011150866,0.006694984,-0.003215104
FB,4.87E-05,37251.90909,2458626,292.37,-0.003215104,295.3091,299.04654,297.301395,-0.024008234,-0.034189795,-0.008267317,0.020358806
FB,0.000312699,8914.848485,588380,277.03,0.020358806,283.6732,286.74066,293.460925,0.001544207,-0.017379398,-0.018522756,-0.025260351
FB,-0.000315842,12308.81818,812382,277.51,-0.025260351,284.11125,281.75728,288.022495,-0.04259863,-0.028425104,-0.025255527,-0.008695463
FB,-0.000304699,6321.893939,417245,276.121,-0.008695463,273.31515,273.36946,279.49065,0.003364614,0.006659266,-0.010766067,-0.037230812
FB,-0.000609895,8185.106061,540217,278.291,-0.037230812,275.49175,275.3647,276.34916,-0.023943548,-0.011939657,-0.007825282,-0.010054539
FB,-7.48E-05,15788.78788,1042060,269.53,-0.010054539,269.00935,270.23764,273.69081,-0.009788136,-0.016615894,-0.008923993,-0.037406845
FB,-0.000520102,7000.212121,462014,276.42,-0.037406845,272.1655,268.136,270.969815,-0.01746272,0.003928603,-0.005569107,-0.002051357
FB,9.66E-06,5910.818182,390114,272.99,-0.002051357,271.65875,269.4874,269.32551,0.001045429,0.01226959,0.005094542,-0.019459741
FB,-0.000252942,9772.939394,645014,268.76,-0.019459741,269.14405,270.99162,271.14463,-0.018285933,-0.020628756,-0.006435588,-0.011675265
FB,-0.000117848,13839.37879,913399,257.81,-0.011675265,258.643,261.37852,268.144735,-0.023590625,-0.031026038,-0.021748758,-0.013862314
FB,-0.000134597,14230.41791,953438,256.09,-0.013862314,257.98135,255.62282,260.533305,-0.019553158,-0.011225211,-0.018195486,0.016350043
FB,0.00020299,10682.13043,737067,244.77,0.016350043,246.44785,250.14944,254.140205,0.004712965,-0.009663024,-0.012039634,0.018064104
FB,0.000258187,19050.69697,1257346,250.22,0.018064104,250.46515,248.71408,250.778265,0.012598958,0.016532719,-0.003550288,-0.025669119
FB,-0.000455002,6067.863636,400479,255.56,-0.025669119,255.31165,253.78016,250.09462,-0.021520365,-0.008288118,0.006160129,0.001120928
FB,-6.26E-05,9876.955224,661756,248.901,0.001120928,248.38135,249.79224,251.722845,0.00349523,0.000892342,-0.000778376,0.022513845
FB,0.000306293,9376.409091,618843,249.18,0.022513845,248.702,249.43384,251.235385,0.023233629,0.013001684,-0.002584966,0.000311502
FB,4.64E-05,13688.04545,903411,256.82,0.000311502,257.164,254.8787,251.005375,-0.001889845,0.006104472,0.009014428,0.009102831
FB,7.77E-05,17666.74242,1166005,259.26,0.009102831,258.81205,257.43782,253.893565,0.010112358,0.010271995,0.013206223,-0.007245827
FB,-6.35E-05,8747.939394,577364,263.6,-0.007245827,262.5262,261.21398,258.13811,-0.001325582,0.007896974,0.009592481,0.00210463
FB,2.37E-05,28184.13636,1860153,266.08,0.00210463,265.9594,264.18194,261.618335,0.004675902,0.010271936,0.010118136,-0.016855631
FB,-0.000193766,5820.043478,401583,264.6,-0.016855631,262.732,264.7412,264.5205,-0.006766401,-0.012975691,-0.002228334,0.002652319
FB,1.53E-05,19940.72727,1316088,263.92,0.002652319,261.859,261.5682,263.90014,0.006272269,0.007173961,-0.002664076,-0.021995911
FB,-0.000204913,8333.985075,558377,264.14,-0.021995911,263.5106,263.29562,262.88845,-0.009431689,-0.004308161,-0.001081181,0.008247664
FB,7.57E-06,13401.93939,884528,255.83,0.008247664,258.13835,260.27564,262.27008,0.001923,-0.008848465,-0.006348608,0.00667735
FB,8.69E-05,12856.54545,848532,262.08,0.00667735,261.19025,259.5604,260.513035,0.008752241,0.015130968,0.000146423,0.003757686
FB,5.27E-08,6141.514706,417623,263.46,0.003757686,263.4047,263.27038,260.53635,0.001197966,0.001550953,0.007112136,0.02104737
FB,0.000250727,27678.4697,1826779,270.105,0.02104737,269.20405,265.93512,263.458425,0.032480752,0.044017052,0.018242252,0.001632742
FB,-3.47E-05,9940.878788,656098,275.61,0.001632742,275.5867,277.41198,269.396395,0.002862257,-0.004289216,0.015661234,-0.012511366
FB,-0.000220944,15207.51515,1003696,274.95,-0.012511366,276.79825,276.2499,274.516925,-0.014961258,-0.012865525,0.004486499,0.006095267
FB,3.40E-05,9812.985075,657470,265.78,0.006095267,268.2528,270.86462,274.863075,-0.007727972,-0.020154792,-0.013820954,-0.01598579
FB,-0.000132918,15111.4697,997357,270.24,-0.01598579,268.82225,266.6737,270.602505,-0.006064416,0.002030196,-0.010070768,-0.013134554
FB,-0.000152167,7061.969697,466090,264.95,-0.013134554,265.9689,266.84056,267.34897,-0.018033687,-0.016183672,-0.00692346,0.034244772
FB,0.000300792,11174.47222,804562,265.88,0.034244772,263.92925,263.066,265.54244,0.022294611,0.021771951,0.000584295,-0.00871576
FB,-0.000140913,15298.69697,1009714,281.1,-0.00871576,280.6705,274.75864,267.24191,-0.000170128,0.021338947,0.019266944,0.004803178
FB,1.73E-05,7816.590909,515895,276.9,0.004803178,278.69285,279.85364,274.08518,-0.001627598,-0.008351294,0.013627844,0.01742546
FB,0.000235969,13680.65152,902923,280.05,0.01742546,278.6665,278.2623,278.63995,0.014926265,0.00895946,0.00179705,-0.023211581
FB,-0.000444522,12076.01515,797017,283.91,-0.023211581,283.82855,282.3759,279.373835,-0.027693127,-0.020082167,-0.000837015,0.019178871
FB,0.000274841,13394.87879,884062,277.91,0.019178871,278.1128,276.659,279.215925,0.016384359,0.021872341,0.004605737,0.014282547
FB,-0.00015838,12870.95714,900967,270.61,0.014282547,276.195,280.1708,280.02437,-0.020839443,-0.035459798,-0.013371693,0.00983935
FB,-0.000451088,14366.24359,1120567,279.49,0.00983935,276.81785,272.63824,276.43293,0.015152202,0.032627705,0.001824602,-0.00434372
FB,-5.58E-06,30391.80597,2036251,264.75,-0.00434372,271.5825,277.3263,275.776235,-0.039640993,-0.053494818,-0.010467925,-0.011760702
FB,-6.30E-05,15163.01282,1182715,264.44,-0.011760702,261.47545,262.40538,272.733505,-0.006958397,-0.008827868,-0.022979153,0.007637939
FB,8.51E-05,10583.23077,825492,263.16,0.007637939,259.9881,260.03054,266.25753,0.025589248,0.027333943,-0.007936395,0.020892553
FB,0.000204643,18860.60256,1471127,281.44,0.020892553,276.10905,270.56282,265.40326,0.03886852,0.06120974,0.033302473,0.009833145
FB,0.000117319,19064.02564,1486994,291.87,0.009833145,288.3648,287.92112,275.282275,0.024736722,0.026981279,0.042003213,-0.000885378
FB,-4.99E-05,16668.58974,1300150,293.66,-0.000885378,293.92875,295.1553,287.731065,-0.004401577,-0.006555871,0.016989702,-0.039502043
FB,-0.000409251,17793.08974,1387861,289.985,-0.039502043,290.30715,291.87166,292.819995,-0.02598937,-0.022560806,-0.008089287,-0.003292362
FB,-0.000106892,27194.46154,2121168,273.36,-0.003292362,279.8651,283.56784,289.7668,-0.027856635,-0.043395048,-0.030548272,0.011483324
FB,5.43E-05,10281.30769,801942,273.44,0.011483324,272.9494,271.55776,280.45219,0.009883151,0.01457318,-0.01969678,-0.007215528
FB,-7.70E-05,9238.74359,720622,277.18,-0.007215528,275.94225,275.66682,274.78766,-0.001407903,0.00362394,0.002437409,-0.001548434
FB,7.64E-05,6479.32,485949,277.7,-0.001548434,275.54825,276.63812,275.48243,0.000664131,-0.003344152,0.002375378,0.008456201
FB,8.19E-05,25335.95313,1621501,276.72,0.008456201,275.8209,275.70026,276.13022,0.007356585,0.005880444,0.001755458,-0.008114834
FB,-5.83E-05,20958.98718,1634801,277.27,-0.008114834,277.7665,277.2999,276.26409,-0.007346098,-0.006116483,-0.001153262,-0.00813453
FB,-0.000174562,7068.320513,551329,274.14,-0.00813453,275.50805,275.59622,275.95059,-0.005866616,-0.004387651,-0.001641055,0.007860069
FB,7.50E-05,7786.269231,607329,270.99,0.007860069,273.2878,273.98832,275.360395,-0.001546172,-0.005779151,-0.005572279,-0.010238908
FB,-3.28E-05,6973.858974,543961,272.49,-0.010238908,273.04975,272.5263,273.78246,-0.004771109,-0.003317845,-0.005830834,-0.00901034
FB,-2.88E-05,20683.12821,1613284,270.8,-0.00901034,271.471,271.5854,272.13083,-0.010059086,-0.013254763,-0.007529669,0.031211591
FB,0.000308413,12127.44872,945941,268.49,0.031211591,268.7315,268.2103,270.010625,0.029522963,0.027003437,0.003707539,-0.009060837
FB,-7.09E-05,6834.794872,533114,278.12,-0.009060837,276.9048,275.67812,271.124405,-0.003944677,-0.000313482,0.008754099,0.001658315
FB,6.18E-05,9460.142857,397326,277.39,0.001658315,275.95525,275.6991,273.595255,0.004348531,0.004818296,0.006557954,0.006018418
FB,5.57E-05,7807.102564,608954,275.82,0.006018418,276.8012,277.15288,275.613275,-0.003861797,-0.008843783,-0.001067819,0.026156437
FB,0.000331003,11662.24359,909655,279.09,0.026156437,276.55735,275.16404,275.42843,0.037408697,0.045750746,0.015966489,0.007674247
FB,9.14E-05,13959.73077,1088859,285.37,0.007674247,286.294,287.4974,279.935705,0.005055118,0.003114463,0.016347075,-0.015406114
FB,-0.000234008,6058.961538,472599,286.25,-0.015406114,287.62525,288.3155,284.56966,-0.016458221,-0.018198536,0.004700343,-0.00235462
FB,-9.97E-07,9316.435897,726682,280.3,-0.00235462,282.87145,283.03058,285.870685,-0.008920837,-0.00867991,-0.008186394,0.022457824
FB,0.0002917,7399.269231,577143,279.19,0.022457824,280.2725,280.5555,283.481535,0.019880652,0.019500241,-0.000386145,-0.009198699
FB,-0.000121152,6348.653846,495195,285.91,-0.009198699,285.73755,285.91952,283.428425,-0.005904194,-0.006596402,0.002533091,-0.019695661
FB,-8.86E-05,23789.14103,1855553,283.565,-0.019695661,283.833,283.96408,284.166475,-0.023491807,-0.019531273,-0.004350707,0.005589228
FB,1.48E-05,22022.30769,1717740,275.53,0.005589228,276.5515,277.2528,282.390825,0.000578554,-0.004140265,-0.011800932,-0.003533311
FB,6.39E-06,21306.12821,1661878,274.53,-0.003533311,276.62675,276.1479,278.893625,-0.011134137,-0.012267339,-0.013705136,0.002524236
FB,-3.56E-05,11255.47436,877927,273.35,0.002524236,273.30625,272.7678,274.9614,0.008233438,0.010038942,-0.001098336,0.002765346
FB,3.29E-05,16817.20513,1311742,274.83,0.002765346,275.372,275.427,274.6512,-0.005143951,-0.012789596,-0.004353431,0.002491861
FB,-1.60E-05,17565.83333,1370135,274.895,0.002491861,273.98575,272.0068,273.467575,0.005971113,0.014266923,0.002337114,-0.009311726
FB,-4.27E-05,18145.44872,1415345,277.07,-0.009311726,275.87075,275.9127,274.134625,-0.004822911,-0.000892674,0.004285413,0.00166842
FB,7.47E-05,10974.28205,855994,275.71,0.00166842,274.51625,275.557,275.40078,-0.001352379,-0.009869464,-0.001909671,-0.0000293
FB,0.000103353,9888.410256,771296,272.978,-2.93E-05,274.2835,272.9621,274.817705,-0.00642401,-0.00147493,-0.006868844,-0.016243094
FB,-0.000162319,10445.80769,814773,271.5,-0.016243094,272.31775,272.5241,272.867975,-0.020238306,-0.021832565,-0.009179348,0.003406071
FB,5.48E-05,22100.33333,1723826,267.17,0.003406071,266.789,266.6259,270.2439,0.011966385,0.014514719,-0.003156223,-0.006229661
FB,-0.000217255,5660.833333,237755,268.875,-0.006229661,269.8475,270.4703,269.3755,-0.011361047,-0.010385614,-0.004049273,0.030209457
FB,0.000401895,20437.08861,1614530,268.79,0.030209457,266.96225,267.6373,268.26825,0.035211907,0.029988346,0.009507089,-0.0000542
FB,1.48E-05,12295.39744,959041,276.795,-5.42E-05,276.431,275.7403,270.87015,0.007809363,0.00982011,0.012399761,-0.022314124
FB,-0.000249949,11519.96203,910077,278.075,-0.022314124,278.4685,278.4208,274.2661,-0.019999569,-0.018341302,0.006713918,0.004117042
FB,4.91E-05,10012.10256,780944,272.04,0.004117042,272.91375,273.2983,276.100375,-0.00339851,-0.00594003,-0.006744196,-0.02114188
FB,-0.000252603,10205.84615,796056,274.81,-0.02114188,272.03475,271.6805,274.20605,-0.011495774,-0.013120191,-0.01117169,0.009842666
FB,0.000135031,9479.717949,739418,268.22,0.009842666,268.848,268.1412,271.09403,0.00930935,0.010525126,-0.002871476,0.005382912
FB,0.000162278,19814.96154,1545567,261.94,0.005382912,265.38835,268.84396,269.7022,-0.002255562,-0.01291143,-0.006076906,0.011560476
FB,9.83E-05,10422.57692,812961,265.56,0.011560476,265.06975,265.379,267.97817,0.014577295,0.012242114,-0.00202593,-0.002683063
FB,-6.49E-05,10843.71795,845810,268.35,-0.002683063,268.90425,268.5622,267.392315,-0.009650275,-0.010616535,-0.002384567,-0.012724896
FB,-0.0001188,28534.15385,2225664,260.12,-0.012724896,264.88725,265.2676,266.6241,-0.028266744,-0.021260795,-0.011046282,-0.022290636
FB,-0.000321708,16146.35897,1259416,256.61,-0.022290636,257.40625,259.5834,263.630645,-0.022316863,-0.029518837,-0.020360968,0.000457302
FB,-2.18E-05,13341.60256,1040645,251.475,0.000457302,251.37045,251.83518,257.888415,0.002520384,-0.000613099,-0.016465959,-0.02967523
FB,-0.000397,23555.03797,1860848,253.41,-0.02967523,252.08675,251.7439,253.54706,-0.020936245,-0.016133857,-0.011216162,0.013794773
FB,0.000138055,25766.83333,2009813,247.92,0.013794773,246.72765,247.51896,250.488625,0.019247336,0.017884852,-8.51E-05,0.019833229
FB,0.000186053,22792.88608,1800638,256.64,0.019833229,252.1138,252.12512,250.5365,0.035922072,0.029572222,0.011063278,-0.004838109
FB,-0.000131841,20609.69231,1607556,268.7,-0.004838109,264.80615,262.00108,254.56167,0.015806279,0.026153098,0.026709873,0.014609665
FB,0.000209749,16554.34615,1291239,269,0.014609665,268.91325,268.95062,261.70278,0.013921776,0.012345315,0.025392413,0.009595588
FB,0.00013396,20132.5641,1570340,272,0.009595588,272.6125,272.2469,268.653245,0.009468568,0.012290314,0.015850376,-0.000467391
FB,-3.58E-05,15042.87179,1173344,278.14,-0.000467391,275.94625,275.8168,273.237875,0.004365886,0.003002355,0.008085537,0.018132855
FB,0.000128553,13765.08861,1087442,278.5,0.018132855,277.48375,276.8722,275.548825,0.01994351,0.021468389,0.011332474,-0.035146147
FB,-0.000351432,30679.28205,2392984,282.25,-0.035146147,281.95425,282.483,278.97885,-0.03686857,-0.030795481,-0.001806678,-0.043978642
FB,-0.000595302,32829.25641,2560682,277.18,-0.043978642,274.992,272.838,278.0306,-0.029790867,-0.008377132,-0.013780408,-0.026528997
FB,-0.000264955,23160.51899,1829681,265.37,-0.026528997,266.0395,269.7748,273.816675,-0.026743209,-0.045123562,-0.026974709,0.008901734
FB,2.14E-05,18427.62821,1437355,259.5,0.008901734,259.4483,257.91592,266.137855,0.014383212,0.018155452,-0.018145577,0.011856061
FB,0.000214262,13959.48718,1088840,264,0.011856061,263.29005,262.80912,261.220935,0.01618918,0.019302907,0.006132548,0.004519774
FB,-1.53E-05,14083.35897,1098502,265.5,0.004519774,267.256,267.663,263.14546,0.000920466,0.000927659,0.012819887,-0.002546149
FB,-6.76E-05,23835.0641,1859135,267.07,-0.002546149,267.4375,267.8923,266.624505,-0.007112877,-0.008191352,0.000319532,0.005364042
FB,9.55E-05,6052.769231,472116,266.59,0.005364042,265.9505,265.843,266.6771,0.008528843,0.009268177,0.001142468,-0.007517398
FB,-8.07E-05,11177.10256,871814,268.71,-0.007517398,268.16975,268.29708,266.97362,-0.007520423,-0.009036177,-0.000356496,0.011412697
FB,0.000153707,10750.28205,838522,266.37,0.011412697,266.25485,265.92564,266.888905,0.014224717,0.015680925,0.005542081,-0.002385759
FB,-0.000127071,9284.653846,724203,272.45,-0.002385759,270.5418,270.27752,268.456135,0.004672845,-0.000309016,0.003673505,-0.005039173
FB,-5.59E-05,17994.97436,1403608,271.87,-0.005039173,271.875,270.4264,269.53951,-0.005108046,-0.001803818,0.002041148,0.000776254
FB,3.54E-05,5567.461538,434262,270.53,0.000776254,270.4795,269.9776,270.08488,-0.004582787,-0.002556953,-0.000566711,0.011415694
FB,0.000198853,10712.88608,846318,270.68,0.011415694,269.5202,269.37588,269.96227,0.018573932,0.01851361,0.005881285,0.008368972
FB,9.42E-05,11964.17949,933206,271.24,0.008368972,273.41175,274.0354,271.673545,-0.002077453,-0.006160153,0.003240838,-0.000500807
FB,-9.92E-05,10529.98718,821339,269.565,-0.000500807,272.1413,272.28364,272.572075,-0.008943883,-0.01308415,-0.005719717,-0.032275995
FB,-0.000341914,19872.34177,1569915,269.86,-0.032275995,269.7512,268.86652,270.941185,-0.029913491,-0.026457515,-0.014096288,0.009930178
FB,0.000129652,19401.78205,1513339,257.8,0.009930178,261.2125,261.4082,266.85647,0.002530507,-5.20E-05,-0.013242662,0.025704361
FB,0.000398275,18162,1416636,259.1,0.025704361,260.25515,261.07886,262.972495,0.019999988,0.011421606,-0.004149788,0.008312996
FB,5.76E-05,12704.64103,990962,262.24,0.008312996,265.56195,264.28038,261.985985,-0.001246225,0.002642724,0.004450219,-0.029125843
FB,-0.000218984,13133.23077,1024392,262.31,-0.029125843,264.9925,264.9806,263.16693,-0.032601866,-0.028844753,-0.003735918,0.005410876
FB,3.81E-05,16628.34177,1313639,256.89,0.005410876,255.6983,256.95852,262.02354,0.027825566,0.024972824,-0.001681681,0.01364926
FB,0.000141745,18345.07692,1430916,260.82,0.01364926,259.98775,262.0801,261.2299,0.021514475,0.005005722,-0.0003406,-0.024750424
FB,-0.064309608,4766.128205,371758,265.45,-0.024750424,119.42545,206.09698,247.089045,1.083473414,0.202524171,-0.01597928,-0.018940413
FB,-0.051311912,5236.910256,408479,260.29,-0.018940413,143.40025,200.2067,231.26294,0.788520243,0.23157267,-0.033693985,0.002902842
FB,0.000100661,12878.96154,1004559,256.645,0.002902842,76.9755,174.4156,204.84937,2.350809673,0.482870225,0.086759383,0.013100102
FB,0.000166294,9808.358974,765052,260.685,0.013100102,245.20025,253.2201,221.27385,0.07368875,0.0306978,0.083716851,-0.039501431
FB,-0.000562327,10140.12821,790930,265.56,-0.039501431,263.42575,261.1294,239.8265,-0.021919839,-0.008287462,0.077618403,0.017895463
FB,0.000255901,7183.051282,560278,260.96,0.017895463,257.77825,258.9479,258.43705,0.037473099,0.030862965,0.016946777,-0.013884753
FB,-0.000140771,5717.089744,445933,268.64,-0.013884753,267.3685,266.9681,262.861475,-0.007082921,-0.006956636,0.004475361,0.020507849
FB,0.000308012,6982.506494,537653,268.19,0.020507849,265.834,265.2393,264.091475,0.034482986,0.039572944,0.020042393,-0.000614743
FB,-2.69E-05,7634.897436,595522,268.405,-0.000614743,274.56625,275.6009,269.39935,-0.025143294,-0.031564846,0.000204251,0.006435716
FB,0.000125481,5370.469697,354451,271.92,0.006435716,271.13175,268.406,269.9385,0.011088705,0.017374053,0.003975257,-0.003571556
FB,-5.63E-05,7599.712121,501581,279.99,-0.003571556,276.80275,274.7901,271.179875,0.011336593,0.019239776,0.011568152,0.011148312
FB,0.000114476,11101.21212,732680,280.76,0.011148312,279.6625,279.9978,275.146725,0.017010683,0.004996111,0.01311364,-0.009833034
FB,-0.000148537,8893.393939,586964,281.195,-0.009833034,281.97675,281.9487,279.31595,-0.004721134,0.001851755,0.006485935,0.005340732
FB,7.69E-05,14918.57576,984626,288.35,0.005340732,283.81375,283.1648,281.5696,0.021902568,0.025490456,0.01238042,0.000460405
FB,-0.000202426,8944.5,590337,293.22,0.000460405,291.018,290.5409,285.88015,0.01935705,0.024382109,0.016334905,-0.018613607
FB,-0.000243183,10833.33333,715000,296.02,-0.018613607,294.21375,296.5711,291.2391,-0.003999643,-0.007753958,0.010159608,-0.022447778
FB,-0.000190014,5810.878788,383518,288.67,-0.022447778,290.14675,292.8062,294.1418,-0.022665255,-0.027088566,-0.006769269,-0.016694903
FB,-0.000294469,7688.363636,507432,283.32,-0.016694903,284.1755,284.4805,291.255525,-0.015160526,-0.015280133,-0.017574602,0.006151986
FB,0.00015837,5624.04918,343067,281.21,0.006151986,280.43725,280.2085,285.185475,-0.000579452,0.005016265,-0.010657012,0.015109219
FB,0.000266485,8386.575758,553514,286.58,0.015109219,285.40175,282.9918,282.19675,0.019308746,0.025719473,0.006953305,-0.007344828
FB,-0.000113668,8773.893939,579077,290,-0.007344828,290.9905,291.0765,284.8225,-0.008032908,-0.007240021,0.010048715,0.003509131
FB,0.000131853,5579.484848,368246,293.52,0.003509131,290.3875,289.6869,288.24425,0.016511558,0.019649836,0.012018453,-0.003403176
FB,-2.61E-05,4698.363636,310092,299.72,-0.003403176,298.44825,296.6518,292.434875,-0.00114509,0.005084075,0.008628331,0.006549578
FB,5.33E-05,11308.5,746361,306.89,0.006549578,302.98425,299.8836,296.0319,0.017287202,0.028752489,0.018785729,-0.003221922
FB,-0.000120831,4642.136364,306381,307.27,-0.003221922,307.97925,308.0703,302.38995,-0.003367922,-0.002784754,0.010434953,0.008192236
FB,6.37E-05,4970.227273,328035,310.66,0.008192236,308.0815,307.5021,306.22255,0.014531869,0.01475372,0.009492524,0.008892039
FB,0.000184078,5311.318182,350547,310.39,0.008892039,311.78275,312.2102,309.3028,0.004003589,0.000376349,0.004643023,-0.002649725
FB,-2.31E-05,4708.909091,310788,313.24,-0.002649725,313.212,312.873,311.123575,-0.006275302,-0.003434301,0.003331715,0.006050046
FB,6.61E-05,3457,228162,309.915,0.006050046,310.535,311.1979,312.08545,0.000561128,-0.002047893,-0.001885141,-0.007528673
FB,-0.000216538,4310.961538,224170,312.14,-0.007528673,311.981,311.1661,311.5756,-0.00206503,0.002388435,-0.000852361,-0.00607733
FB,-4.85E-05,4912.772727,324243,304.41,-0.00607733,307.101,310.143,310.851675,-0.012636722,-0.020278065,-0.007604109,-0.000601108
FB,-9.93E-05,5840.212121,385454,307.765,-0.000601108,305.399,304.4661,308.28075,0.008132803,0.012580054,-0.003089311,-0.00117459
FB,-2.39E-05,3885.181818,256422,306.49,-0.00117459,306.65175,307.8793,306.92265,-0.002374029,-0.007683855,-0.002525799,-0.005696786
FB,-7.01E-05,6854.606061,452404,303.68,-0.005696786,305.161,305.3594,306.1573,-0.011756909,-0.011472056,-0.003382493,0.006339434
FB,0.000238832,6940.030303,458042,300.5,0.006339434,300.88725,301.5142,304.608375,0.005587641,-0.000251398,-0.006622109,0.010557716
FB,0.000174399,5397.121212,356210,298.36,0.010557716,300.2345,301.2187,302.166875,-4.00E-05,-0.003875921,-0.005263317,-0.018475598
FB,-0.0002112,4699.848485,310190,302.02,-0.018475598,301.4635,300.5348,300.5857,-0.014413022,-0.005506184,-0.001315016,0.010503356
FB,0.000102848,20337.15152,1342252,298,0.010503356,297.773,298.1171,300.092925,0.012679121,0.010592147,-0.000112798,-0.005445837
FB,-0.000128544,12125.18182,800262,304.82,-0.005445837,303.43925,302.1913,300.383225,-0.001674141,0.001188982,0.002060701,0.0000989
FB,2.91E-05,6728.454545,444078,303.35,9.89E-05,302.8685,302.6719,301.123375,0.006125596,0.006217954,0.006494846,0.044504995
FB,-0.000101275,8171.179104,547469,308.28,0.044504995,308.28,306.1328,303.7312,0.003757947,0.005810877,0.005393996,0.013347686
FB,0.00020559,14693.10606,969745,325.15,0.013347686,327.42975,316.2407,307.8914,0.006521246,0.034946482,0.024514163,-0.00863542
FB,-8.85E-05,10201.40909,673293,327.72,-0.00863542,328.48275,328.1803,317.070925,-0.008131325,-0.007679925,0.019524338,-0.014328486
FB,-0.000143629,5645.318182,372591,327.32,-0.014328486,326.1095,325.9211,324.512775,-0.009030709,-0.008990213,0.003297713,0.00644835
FB,0.000216231,8262.5,545325,316.36,0.00644835,318.1115,321.1085,324.8633,-0.005802211,-0.018696796,-0.012581369,-0.012726475
FB,-9.91E-05,4616.136364,304665,319.02,-0.012726475,318.31075,316.3065,320.3367,-0.007868883,0.001723645,-0.007959906,0.018834908
FB,0.000277884,9898.015152,653269,314.31,0.018834908,315.0445,315.9486,317.28295,0.009747829,0.007268587,-0.001110681,-0.009044851
FB,-0.000183868,6834.939394,451106,321.73,-0.009044851,320.664,319.0603,317.4102,-0.001863321,0.003506234,0.003219414,-0.008812
FB,-5.30E-05,10260.95455,677223,308.67,-0.008812,313.3495,317.3465,317.93325,-0.023474587,-0.032692971,-0.009347166,0.015574001
FB,0.000225172,7388.969697,487672,301.785,0.015574001,303.87475,305.4547,313.89485,0.007502269,0.000551309,-0.01526602,0.002020871
FB,0.000192576,11715.62121,773231,301.85,0.002020871,303.56025,304.9165,307.79785,0.000160594,-0.010997109,-0.012961592,-0.007609014
FB,-0.000192031,6629.287879,437533,307.53,-0.007609014,305.17175,303.3736,303.682925,0.001568789,0.006357178,0.001036937,0.010881741
FB,9.40E-05,6326.348485,417539,312.45,0.010881741,310.298,306.9667,304.48905,0.019020426,0.025592027,0.011813315,0.003435552
FB,7.35E-05,4694.954545,309867,314.36,0.003435552,314.5245,314.8963,308.974225,0.000423655,-0.004751723,0.009375863,-0.017560543
FB,-0.000305939,5123.348485,338141,315.48,-0.017560543,314.80175,313.8885,312.4473,-0.008854779,-0.002215436,0.004786887,0.016801816
FB,0.000230411,6264.30303,413444,308.3,0.016801816,308.178,311.1251,313.461675,0.014525696,0.003048934,-0.003136428,0.006314327
FB,6.61E-05,3812.469697,251623,316.74,0.006314327,315.19625,313.4419,312.741025,0.010798828,0.014588031,0.003575802,-0.005254547
FB,-8.56E-05,3714.378788,245149,317.82,-0.005254547,317.85175,318.0379,314.060025,-0.000928892,-0.000748338,0.007696538,0.001140884
FB,4.18E-05,4967.090909,327828,324.31,0.001140884,320.485,319.0318,317.175975,0.014694135,0.018574637,0.010452951,-0.003767852
FB,-8.68E-05,5298.469697,349699,329.1,-0.003767852,326.52725,325.6527,321.151525,0.003978228,0.005591233,0.009511165,0.003028171
FB,-2.15E-07,3978.439394,262577,326.93,0.003028171,327.144,327.4547,324.79615,0.001956325,0.001857967,0.00674423,0.011475734
FB,9.89E-05,6029.606061,397954,328.955,0.011475734,327.78375,328.0115,327.210225,0.007311223,0.008908529,0.004655952,-0.001760029
FB,-3.72E-05,4431.909091,292506,329.54,-0.001760029,330.49825,330.4925,328.96705,-0.000904695,0.000919839,0.003191885,0.000273581
FB,6.90E-05,6492.484848,428504,328.97,0.000273581,328.8565,329.9529,330.003425,0.003534977,-0.000978018,0.000225376,-0.004534873
FB,-3.12E-05,4127.787879,272434,330.77,-0.004534873,329.97225,329.8808,329.98355,-0.005683811,-0.003509449,-0.001189681,0.004342604
FB,5.60E-05,4218.863636,278445,324.69,0.004342604,326.466,327.5518,329.2028,-0.001010059,-0.004368469,-0.003440053,0.004777119
FB,8.57E-05,3493.107692,227052,328.65,0.004777119,327.5625,326.8721,327.99565,0.0088693,0.012080566,0.000468451,0.018483785
FB,0.000311295,7397.090909,488208,330.56,0.018483785,330.2045,330.4841,328.1907,0.019640102,0.017558485,0.008753371,-0.002391129
FB,-2.81E-05,5513.651515,363901,334.57,-0.002391129,335.824,336.104,331.74175,-0.006143099,-0.007078761,0.005547538,-0.012738473
FB,-0.000191269,4927.530303,325217,334.42,-0.012738473,334.22425,333.8748,333.812475,-0.009513822,-0.004705656,0.000881932,0.003168377
FB,3.76E-05,4615.106061,304597,331.4,0.003168377,331.02425,331.773,333.797525,0.004245157,0.000881627,-0.003740591,0.001057721
FB,-6.03E-05,3603.606061,237838,330.9,0.001057721,331.729,332.1648,332.3804,-0.003823904,-0.006167421,-0.003525103,0.006156237
FB,4.20E-05,4203.893939,277457,334.62,0.006156237,332.274,331.0112,331.195875,0.010181356,0.013067232,0.003964497,0.0008317
FB,3.86E-05,5506.272727,363414,336.66,0.0008317,337.26925,336.1242,332.928525,-0.001207492,0.000838381,0.004819052,-0.017758508
FB,-0.000215948,8035.469697,530341,336.74,-0.017758508,336.4455,336.3502,334.965725,-0.015600595,-0.012859811,0.000488856,0.005920699
FB,0.000100399,6880.060606,454084,334.42,0.005920699,332.50875,332.0098,335.021875,0.013762796,0.012961967,-0.000148498,-0.00939567
FB,-9.60E-05,6514.19697,429937,332.6,-0.00939567,334.8105,335.981,334.805925,-0.010685149,-0.012277182,-0.003994478,0.006631139
FB,6.64E-05,4756.893939,313955,330.26,0.006631139,330.107,331.2026,333.290475,0.005804179,0.001283504,-0.001446111,0.015235872
FB,0.000195104,4995.757576,329720,334.08,0.015235872,333.54225,332.3134,332.75085,0.014719275,0.013133085,0.001211417,-0.005403195
FB,-0.000150755,5314.454545,350754,342.39,-0.005403195,340.857,338.3835,333.75135,0.001688391,0.008263405,0.009470673,-0.00368768
FB,-5.81E-05,4847.136364,319911,344.39,-0.00368768,342.563,341.8001,337.7523,0.001101987,0.004521941,0.010081871,-0.001112542
FB,-4.51E-05,3928.181818,259260,341.56,-0.001112542,341.79575,342.6427,341.56655,-0.000499567,-0.003941715,0.001509003,0.036853533
FB,0.000564143,13672.90909,902412,343.115,0.036853533,342.727,341.9315,342.2482,0.024544317,0.013048227,0.002745449,0.003849664
FB,1.76E-05,5572.130435,384477,350.68,0.003849664,353.825,348.9755,343.756075,-0.006909489,0.007060094,0.009111694,-0.005860073
FB,-9.48E-05,5541.939394,365768,349.825,-0.005860073,350.48525,351.1894,347.45865,-0.006025218,-0.00742363,0.005772773,0.017011877
FB,0.000271544,7245.151515,478180,348.58,0.017011877,348.84125,348.6872,349.8337,0.01463918,0.009602016,0.001145116,0.000606582
FB,-8.81E-05,2820.287879,186139,354.445,0.000606582,354.5755,353.6528,350.494725,-0.001377704,0.00124331,0.003696275,-0.004262406
FB,-7.66E-05,5080.757576,335330,354.26,-0.004262406,354.75325,354.2845,352.179625,-0.006035181,-0.007064379,0.002752857,-0.012552832
FB,-7.66E-05,3212.242424,212008,354.9,-0.012552832,353.8325,352.8716,353.4013,-0.007772039,-0.003830288,-0.002015485,0.000665779
FB,-3.12E-05,4930.348485,325403,345.46,0.000665779,346.53525,349.428,352.033675,-0.001966611,-0.008504184,-0.00677769,0.00869415
FB,0.000145145,5497.893939,362861,347.36,0.00869415,347.018,346.8886,349.459075,0.00935038,0.009111282,-0.002899267,0.004724768
FB,1.71E-05,3898.757576,257318,351.34,0.004724768,350.70725,350.37,348.393675,0.007931116,0.007947884,0.00486698,-0.005231605
FB,-8.98E-05,2955.969697,195094,353.62,-0.005231605,351.30125,352.6012,350.46905,0.003963834,0.001523251,0.005023125,-0.005879408
FB,-0.000128731,6477.651515,427525,349.525,-0.005879408,351.59225,352.3383,352.294025,-0.008831253,-0.010886128,-0.002520764,0.004932866
FB,0.000144612,5344.560606,352741,342.6,0.004932866,345.5945,347.32,350.817825,-0.005863809,-0.013556375,-0.009611399,0.001923952
FB,1.53E-05,4518.757576,298238,340.445,0.001923952,342.7905,342.6203,346.64315,-0.004034534,-0.001455255,-0.008484662,-0.001749029
FB,-1.38E-05,6063.469697,400189,337.33,-0.001749029,337.991,340.5492,342.8533,-0.006171762,-0.012426986,-0.008288385,0.012049976
FB,0.000139765,5310.121212,350468,337.76,0.012049976,336.3335,336.3054,339.6423,0.019549792,0.016353588,-0.000860979,0.009459952
FB,1.86E-05,3024.212121,199598,343.025,0.009459952,343.10025,342.4392,339.3841,0.006602298,0.006682062,0.004990363,0.007332367
FB,7.32E-05,7067.878788,466480,348.455,0.007332367,346.8865,345.5535,341.81675,0.010120025,0.011647111,0.011330486,0.007834855
FB,3.65E-05,12406.15152,818806,366.95,0.007834855,359.06225,353.3851,347.202175,0.033707247,0.052842918,0.026320904,0.002475914
FB,6.42E-05,8149.060606,537838,371.58,0.002475914,371.25375,371.7173,358.280625,0.001538032,0.0009101,0.022762464,-0.002184028
FB,-9.12E-05,4799.030303,316736,368.585,-0.002184028,370.7365,371.3105,367.80695,-0.010958592,-0.013016869,0.006155539,-0.039247773
FB,-1.36E-05,10124,779548,372.76,-0.039247773,369.7625,367.5528,369.97355,-0.010228187,0.007259365,-0.001026154,-0.006417987
FB,-5.43E-05,10361.27273,683844,360.705,-0.006417987,360.10825,367.17,368.8846,-0.005681625,-0.024245173,-0.008995632,-0.009821491
FB,-7.55E-05,5068.681818,334533,359.925,-0.009821491,357.851,357.9073,365.052625,-0.007581368,-0.004215058,-0.012244399,-0.005749318
FB,-0.000128312,14143.25758,933455,353.955,-0.005749318,355.0105,355.6811,359.446975,-0.00774625,-0.008004361,-0.010195245,0.003414042
FB,4.67E-05,3144.515152,207538,350.025,0.003414042,350.64,351.9367,355.227025,0.00092759,-0.002596774,-0.006614432,0.016649206
FB,0.000160363,4667.015152,308023,353.17,0.016649206,352.51875,351.5911,352.5843,0.019364927,0.021114585,0.003084227,0.004481948
FB,6.37E-05,2657.833333,175417,361.45,0.004481948,359.46275,359.4464,354.07605,0.006920745,0.00570238,0.009514058,0.0000413
FB,-2.50E-05,2938.530303,193943,363.41,4.13E-05,363.2035,362.143,358.32905,-0.000291847,0.002433293,0.008712034,-0.00407691
FB,-0.000102333,2471.681818,163131,363.02,-0.00407691,362.8665,362.991,361.728325,-0.003331115,-0.002412732,0.001936052,-0.002705986
FB,-5.09E-05,1939.333333,127996,362.16,-0.002705986,362.20325,362.0802,362.524525,-0.003741684,-0.003229947,-0.001369356,0.001641899
FB,1.04E-05,2556.787879,168748,359.34,0.001641899,359.82525,360.4888,361.79505,0.001051205,-0.001216681,-0.002795229,0.00495941
FB,4.08E-05,2191.575758,144644,360.93,0.00495941,359.41175,359.9238,360.560825,0.007768249,0.005394475,-8.90E-05,-0.000660357
FB,-4.66E-05,1864,123024,363.44,-0.000660357,363.1335,362.3718,360.686675,-0.001040939,0.001128399,0.002534679,0.020345116
FB,0.000215219,3472.348485,229175,359.3,0.020345116,362.43125,362.6334,361.745325,0.009334874,0.003062046,0.00232636,-0.013239382
FB,-9.24E-05,3741.80303,246959,363.31,-0.013239382,363.8615,364.2794,362.686875,-0.016129077,-0.018618127,-0.003639296,-0.006526357
FB,-0.000189407,3560.136364,234969,357.78,-0.006526357,358.06425,357.4572,361.051175,-0.000933492,0.001378627,-0.003381307,0.001240205
FB,-2.25E-05,4581.909091,302406,354.78,0.001240205,354.428,356.7894,359.24195,0.002936422,-0.003676959,-0.007050402,0.003855502
FB,-6.10E-05,3088.969231,200783,357.93,0.003855502,356.45025,355.7759,356.726075,0.005434138,0.005610273,9.09E-05,-0.000412871
FB,3.19E-07,3279.333333,216436,363.31,-0.000412871,361.4075,359.2754,357.053575,0.008136245,0.015176102,0.007377884,-0.003952569
FB,5.46E-06,2348.015152,154969,366.85,-0.003952569,364.7765,364.8783,360.337775,0.003304763,0.003511582,0.00907808,0.000244359
FB,1.99E-06,3053.984848,201563,368.31,0.000244359,367.66925,366.8786,364.3442,0.002355378,0.004720908,0.006694837,-0.005077389
FB,-0.000112337,2704.590909,178503,366.33,-0.005077389,367.952,368.3304,366.9591,-0.007238036,-0.005718507,0.000738298,0.006265698
FB,7.23E-05,2936.348485,193799,370.27,0.006265698,367.30925,366.6104,367.39115,0.014945853,0.015577845,0.003951102,0.012423847
FB,0.000283198,3355.393939,221456,375.89,0.012423847,373.5155,372.9388,369.17315,0.02019528,0.017320536,0.009625903,-0.002287547
FB,7.04E-05,3946.727273,260484,380.32,-0.002287547,380.7935,380.4925,373.6844,-0.000875146,-0.000874919,0.010588681,0.00301861
FB,8.83E-05,3126.045455,206319,380.97,0.00301861,380.51125,380.4275,378.210775,0.006380889,0.007750754,0.007737947,-0.000665832
FB,-4.27E-06,4821.090909,318192,375.47,-0.000665832,379.40175,381.855,381.1224,-0.012181678,-0.01610847,-0.00378894,-0.00198939
FB,-5.88E-06,1912.692308,124325,377,-0.00198939,375.3175,375.3489,379.402625,0.002653753,0.002472633,-0.004129782,0.014923788
FB,0.000162372,3818.5,252021,376.58,0.014923788,376.165,376.3192,377.356925,0.016242208,0.013129545,0.000341586,-0.004823151
FB,-0.000140796,10675.45455,704580,379.42,-0.004823151,380.40625,381.085,377.6551,-0.008184014,-0.011032972,0.00128146,-0.003428089
FB,-3.65E-05,3260.560606,215197,379.22,-0.003428089,378.25375,377.1929,378.298375,0.001453389,0.003379173,0.001154908,-0.007490833
FB,-0.00014322,3079.227273,203229,381.8,-0.007490833,380.65325,379.3334,378.81045,-0.001000911,0.004888312,0.000881377,0.001702716
FB,4.32E-05,5127.909091,338442,375.87,0.001702716,377.60925,379.8924,379.1699,-0.005608973,-0.010342929,-0.001451592,0.000318767
FB,4.91E-05,3601.318182,237687,376.45,0.000318767,376.2605,376.0216,378.48,0.001432518,0.003101684,-0.002471465,0.013361882
FB,0.000191808,10570.13636,697629,368.96,0.013361882,372.61725,375.3407,376.791675,0.004669671,-0.008136341,-0.006024483,0.005281311
FB,9.21E-05,6460.984848,426425,371.12,0.005281311,372.3245,372.6864,374.142775,0.000917211,-0.002981595,-0.004133917,-0.010178048
FB,-0.000119388,10379.16667,685025,368.44,-0.010178048,370.056,370.9567,372.0351,-0.019077518,-0.017846557,-0.007066941,0.000196839
FB,-3.24E-05,8732.787879,576364,355.62,0.000196839,359.6495,362.0584,368.52795,-0.02090021,-0.026384141,-0.01680802,0.000420168
FB,3.39E-05,4056.348485,267719,357,0.000420168,356.346,353.5545,361.461375,0.006115545,0.013216916,-0.010453192,-0.006303558
FB,9.30E-06,20838.75,1417035,344.25,-0.006303558,349.89375,354.6526,356.30795,-0.016920851,-0.031994408,-0.014693399,-0.008028904
FB,-7.15E-05,9309.5,633046,348.74,-0.008028904,345.796,344.6161,350.702525,0.001718499,0.004937958,-0.008218931,0.015140405
FB,0.000230021,7323.227273,483333,347.745,0.015140405,346.22825,346.3728,347.0852,0.019058237,0.017190726,0.00132345,0.007839448
FB,9.91E-05,5828.818182,384702,350.79,0.007839448,350.58225,351.5802,347.9899,0.009903525,0.004115135,0.006356003,-0.00548841
FB,-2.79E-05,10163.31818,670779,342.54,-0.00548841,347.2375,351.0817,350.06115,-0.014851507,-0.02818945,-0.005845764,-0.005242963
FB,-3.93E-05,4587.136364,302751,341.41,-0.005242963,341.8265,341.6375,347.36695,-0.001329622,-0.00243533,-0.009793102,-0.004069563
FB,-1.49E-05,4777.117647,324844,341.56,-0.004069563,341.122,341.0995,343.289025,1.17E-05,-0.001400178,-0.006429495,0.00989924
FB,8.47E-05,5439.5,359007,339.42,0.00989924,340.68825,340.9923,341.141125,0.009733239,0.00763243,0.001668664,-0.009377276
FB,-2.49E-05,18447.37879,1217527,329.52,-0.009377276,334.492,340.174,341.0451,-0.029440166,-0.045862412,-0.015140666,0.009154844
FB,0.000105123,8091.712121,534053,329.88,0.009154844,328.908,326.198,334.97,0.014333795,0.022341032,-0.008420978,0.003853217
FB,6.00E-05,6679.656716,447537,332.19,0.003853217,330.52975,332.2044,331.201375,0.008310901,0.000923227,-0.001862462,-0.018681696
FB,-0.000281239,24567.98485,1621487,335.355,-0.018681696,335.149,333.7804,331.35815,-0.010299151,-0.000684282,0.005056161,-0.009664736
FB,-0.000112345,5432.333333,358534,333.17,-0.009664736,330.8725,332.5645,332.88905,0.001116744,-0.003700034,-0.000458336,-0.012893244
FB,-0.000233101,6902.015152,455533,329.63,-0.012893244,329.39175,330.5995,332.570775,-0.006519593,-0.007961597,-0.005710439,0.013252805
FB,0.000138416,11979.83333,790669,319.555,0.013252805,321.86075,325.3675,329.6473,0.002342628,-0.010920882,-0.010700603,0.000616561
FB,3.88E-05,4166.230769,270805,324.38,0.000616561,324.835,322.945,325.72195,-0.000545662,0.005111397,-0.005538006,0.0000913
FB,4.68E-05,3405.818182,224784,328.45,9.13E-05,327.13375,325.7439,323.906225,0.004272717,0.008325559,0.005026918,0.005353717
FB,2.96E-05,8565.409091,565317,323.14,0.005353717,326.115,327.492,325.918075,-0.004976005,-0.009751078,0.000544232,0.015843204
FB,0.00018843,6423.181818,423930,330.11,0.015843204,327.8435,325.7188,326.43595,0.020247466,0.027363173,0.006972118,0.001767617
FB,1.57E-05,4507.227273,297477,339.44,0.001767617,337.471,335.6297,329.4004,0.007244326,0.014678677,0.013878702,-0.002519261
FB,-5.82E-05,5291.686567,354543,341.37,-0.002519261,340.51025,340.5758,335.0618,0.000475022,0.000397856,0.012378239,-0.052384859
FB,7.81E-05,3944.90411,287978,341.32,-0.052384859,340.291,340.4359,339.555225,-0.016042152,-0.005440084,0.001955426,-0.006296069
FB,-6.55E-05,14077.28358,943178,325.6,-0.006296069,324.031,334.2703,339.1634,-0.005200891,-0.035272054,-0.017586951,0.048467261
FB,0.00055168,9555.467532,735771,323.93,0.048467261,323.489,322.7298,332.0293,0.032473283,0.019283933,-0.015418368,-0.023526866
FB,-0.00035355,28487.92647,1937179,323.46,-0.023526866,326.64175,329.6226,325.424725,-0.036995424,-0.048819165,-0.009076062,-0.009405831
FB,-8.44E-05,11181.48485,737978,315.23,-0.009405831,315.1835,313.9217,322.017925,-0.003469408,0.003560761,-0.009306935,0.010438912
FB,0.000117793,20885.5,1378443,313.73,0.010438912,311.857,313.9262,318.053525,0.032494861,0.01414823,-0.008903847,-0.001081382
FB,7.46E-05,7070.527778,509078,323.66,-0.001081382,322.496,320.5777,316.0142,0.00087753,0.009657565,0.010261169,-0.005690886
FB,-7.65E-05,11203.1791,750613,332.11,-0.005690886,328.805,325.563,320.3204,0.001376956,0.013583853,0.016698749,-0.007506053
FB,-4.59E-05,11000.56716,737038,330.4,-0.007506053,329.509,329.3095,326.5334,-0.007333639,-0.007940554,0.004780139,0.010233606
FB,0.000164796,6906.090909,455802,328.33,0.010233606,327.63725,326.7496,328.27895,0.00777613,0.008211181,0.001205453,0.000893762
FB,-7.38E-06,8721.19697,575599,335.66,0.000893762,334.192,331.2359,328.98755,0.003779265,0.010594262,0.005265397,0.001585484
FB,5.58E-05,8262.80303,545345,340.59,0.001585484,339.10575,336.5292,331.632225,0.007074489,0.019127018,0.015368908,-0.01833638
FB,-0.000162812,8089.846154,631008,344.67,-0.01833638,341.60975,342.9712,336.8758,-0.003162234,-0.005664907,0.010236488,-0.013240357
FB,-0.00017094,8128.448718,634019,339.87,-0.013240357,340.333,340.9828,340.375,-0.013124646,-0.014894593,-0.00261469,-0.013695332
FB,-0.000110386,12357.41026,963878,332.23,-0.013695332,335.51125,335.7616,339.397225,-0.025198857,-0.020916924,-0.01402398,-0.006549027
FB,-0.000143086,5458.948718,425798,329.82,-0.006549027,327.31225,328.747,334.590375,0.003547072,0.001116664,-0.010731854,0.033490938
FB,0.000450287,8371.820513,653002,329.94,0.033490938,328.62925,329.1431,330.97985,0.032516126,0.031574109,0.00534806,0.00922943
FB,0.000145867,9161.538462,714600,344.55,0.00922943,339.8735,339.6913,332.8877,0.02405086,0.026020978,0.022908176,-0.002575969
FB,-0.000107788,6318.012821,492805,343.56,-0.002575969,347.70425,348.4004,340.57315,-0.009388007,-0.012906415,0.012480138,-0.009072141
FB,-5.82E-05,6048.717949,471800,343.91,-0.009072141,344.548,343.9756,344.8548,-0.008510425,-0.005887045,-0.002166709,-0.001797713
FB,-7.41E-05,5765.341772,455462,339.32,-0.001797713,341.41675,341.846,344.0575,-0.008333657,-0.007757879,-0.00827725,0.008825248
FB,0.000110762,8931.128205,696628,342.2,0.008825248,338.7625,339.2185,341.2002,0.020955684,0.024762211,0.004760768,-0.023165249
FB,-0.000417864,9669.435897,754216,349.23,-0.023165249,346.1525,347.6447,342.878975,-0.003991016,-0.009671656,0.006059645,-0.003867615
FB,-0.000142748,5832.217949,454913,338.71,-0.003867615,344.3815,344.2148,344.9348,-0.020611589,-0.022175978,-0.006738013,0.015248211
FB,5.79E-05,4288.769231,334524,336.105,0.015248211,337.15325,336.5269,342.525725,0.010362498,0.011420484,-0.008710295,-0.006881144
FB,-0.000236905,7384.357143,310143,335.7,-0.006881144,340.48225,340.3016,339.515575,-0.018572187,-0.01418624,-0.006354495,0.002998278
FB,5.20E-05,5708.769231,445284,336.86,0.002998278,334.52075,335.2837,337.313075,0.014952735,0.011384985,0.001879708,-0.032131989
FB,-0.000348739,6816.679487,531701,335.18,-0.032131989,338.8015,338.9361,337.963075,-0.036567134,-0.035614383,-0.012563429,-0.06015891
FB,-0.000751109,16382.26923,1277817,330.375,-0.06015891,326.5505,326.9049,333.65295,-0.036888628,-0.030435763,-0.018171726,-0.001831855
FB,3.69E-06,12016.9359,937321,311.16,-0.001831855,313.853,316.4972,327.311275,-0.011640003,-0.020748683,-0.029623407,-0.021044576
FB,-0.000209014,12502.98718,975233,313.62,-0.021044576,310.56,310.068,317.470625,-0.019389168,-0.019528297,-0.025743248,0.031883117
FB,0.000448587,9388.371795,732293,308,0.031883117,304.6055,304.1293,309.236275,0.043306835,0.041660241,0.002961409,0.003994964
FB,6.40E-05,8206.538462,640110,321.655,0.003994964,318.0095,316.9614,310.2058,0.016343065,0.021271675,0.020017034,0.017979188
FB,0.00018394,6468.166667,504517,324.82,0.017979188,323.215,323.7186,316.5223,0.025189116,0.023474709,0.027039959,0.001518372
FB,2.30E-05,7269.807692,567045,329.3,0.001518372,331.3735,331.2886,325.16005,-0.001798575,0.002304939,0.014578436,-0.008598659
FB,-0.000186538,4438.75641,346223,332.61,-0.008598659,330.8515,332.061,329.950225,-0.008237835,-0.010605582,0.002864523,0.010182807
FB,0.000208479,10034.82051,782716,330.95,0.010182807,328.263,328.5591,330.89095,0.024858878,0.019991228,0.00427724,0.01787919
FB,0.000268936,6329.974359,493738,328.035,0.01787919,336.2105,335.0857,332.297825,-0.004854845,-0.006169765,0.001284917,0.026715951
FB,0.000348102,9262.653846,722487,332.76,0.026715951,334.27475,332.9991,332.727125,0.010208668,0.000376878,-0.001075205,-0.01403
